{
    "DNDConfig": null,
    "__parentReadjusting__": false,
    "_height_": {
        "type": "string",
        "value": "100%"
    },
    "_left_": {
        "type": "string",
        "value": "0dp"
    },
    "_margin_": [
        0,
        0,
        0,
        0
    ],
    "_orientation_": 6,
    "_padding_": [
        0,
        0,
        0,
        0
    ],
    "_percent_": true,
    "_skin_": "s412dd4c16364ea6b8400ac40ac31f01",
    "_top_": {
        "type": "string",
        "value": "0dp"
    },
    "_width_": {
        "type": "string",
        "value": "100%"
    },
    "allboxes": [],
    "autogrowmode": 0,
    "canUpdateUI": true,
    "childInstances": [
        "m113bdb84fc2410380f0d620ca5aacaf",
        "mdf38d774afe4d2d9ffeb966c4a26209",
        "m77682f522d84c4a9d577bdc84d73f05",
        "mc4c5da50b4a47a9a233b1798e9a73e8"
    ],
    "children": [
        "Label0bb5fed64490342",
        "Image0ee368462a3764e"
    ],
    "clipbounds": true,
    "containerweight": 100,
    "enablescrolling": true,
    "id": "FlexContainer06c89085ee5754a",
    "info": null,
    "isvisible": true,
    "kuid": "370e9cc6d6044bdda32d6ecbae165e37",
    "layouttype": 2,
    "name": "kony.ui.FlexContainer",
    "parent": "masterFlexHeader",
    "pf": "Master0095918600ea349",
    "snapgridsize": 10,
    "snaptogrid": true,
    "wType": "FlexContainer",
    "widgetalignment": 1,
    "zindex": 1
}