{
    "@class": "com.kony.gen.viz.model.component.KVizImage2",
    "DNDConfig": null,
    "__parentReadjusting__": false,
    "_base64_": null,
    "_height_": {
        "type": "string",
        "value": "20dp"
    },
    "_left_": {
        "type": "number",
        "value": "0"
    },
    "_margin_": [
        0,
        0,
        0,
        0
    ],
    "_padding_": [
        0,
        0,
        0,
        0
    ],
    "_right_": {
        "type": "number",
        "value": "0"
    },
    "_skin_": "s67f8911f42d4b8797ef2111e10317a1",
    "_src_": "kony_logo2x.png",
    "_top_": {
        "type": "string",
        "value": "4dp"
    },
    "_width_": {
        "type": "string",
        "value": "60dp"
    },
    "canUpdateUI": true,
    "childInstances": [
        "m66635a482a84ce6a89a5c5bf486dab3",
        "mc39ded9be2f40e9b07cf15dbaf758a1",
        "meabf148d56a4a589b5191c3081c3ed6",
        "m496bd8d9f87417b83f5fb5fecc11ee9"
    ],
    "containerweight": 100,
    "context": {
        "channel": "mobile",
        "formID": "Master0095918600ea349",
        "platform": "iphone",
        "templateType": "masters",
        "topLevelBox": null
    },
    "id": "Image0ee368462a3764e",
    "imagescalemode": 1,
    "info": null,
    "isvisible": true,
    "kuid": "1c16c569f4f042b48a16be5c1c8f2e98",
    "name": "kony.ui.Image2",
    "parent": "FlexContainer06c89085ee5754a",
    "pf": "Master0095918600ea349",
    "srcType": 1,
    "wType": "Image",
    "widgetalignment": 5,
    "zindex": 1
}