{
    "@class": "com.kony.gen.viz.model.component.KVizLabel",
    "DNDConfig": null,
    "__parentReadjusting__": false,
    "_height_": {
        "type": "ref",
        "value": "preferred"
    },
    "_left_": {
        "type": "string",
        "value": "20%"
    },
    "_margin_": [
        1,
        1,
        1,
        1
    ],
    "_padding_": [
        0,
        0,
        0,
        0
    ],
    "_skin_": "s6c33cfa209643e88fa5d22cdc9fc36b",
    "_text_": "CSE Ticket Status",
    "_top_": {
        "type": "string",
        "value": "30%"
    },
    "_width_": {
        "type": "ref",
        "value": "preferred"
    },
    "_wrapping_": 2,
    "android": {
        "textStyle": {
            "letterSpacing": 0,
            "strikeThrough": false
        }
    },
    "canUpdateUI": true,
    "childInstances": [
        "mb2ecc77540048009a60fe1b0df16bb4",
        "me62065fd61f4868817f44df01d0c9ab",
        "m72653521a5948d1b9e47ad2bdffc5d9",
        "md611116893f47ffa45c9219030571ce"
    ],
    "containerweight": 100,
    "contentalignment": 4,
    "id": "Label0bb5fed64490342",
    "info": null,
    "ipad": {
        "psp": {
            "wrapping": 2
        }
    },
    "iphone": {
        "psp": {
            "wrapping": 2
        }
    },
    "isvisible": true,
    "kuid": "d0a6628d726d4c9bafdbc03b054bf757",
    "name": "kony.ui.Label",
    "parent": "FlexContainer06c89085ee5754a",
    "pf": "Master0095918600ea349",
    "tooltip": "",
    "wType": "Label",
    "zindex": 1
}