{
    "DNDConfig": null,
    "__parentReadjusting__": false,
    "_height_": {
        "type": "string",
        "value": "10%"
    },
    "_left_": {
        "type": "string",
        "value": "0dp"
    },
    "_margin_": [
        0,
        0,
        0,
        0
    ],
    "_orientation_": 6,
    "_padding_": [
        0,
        0,
        0,
        0
    ],
    "_percent_": true,
    "_skin_": "sccca9ea32b4495a839b074708594b86",
    "_top_": {
        "type": "string",
        "value": "0dp"
    },
    "_width_": {
        "type": "string",
        "value": "100%"
    },
    "allboxes": [],
    "autogrowmode": 0,
    "canUpdateUI": true,
    "childInstances": [
        "m3fd35ee05da4dccaa8d55a902c9680d",
        "mebab0e1bdcf4025968576e3c1751f5b",
        "m51aff5a22a54c7aad72853ad2868c97",
        "m383460fcf6c4c7da91803b0094ec2d9"
    ],
    "children": [
        "FlexContainer06c89085ee5754a"
    ],
    "clipbounds": true,
    "containerweight": 100,
    "enablescrolling": true,
    "id": "masterFlexHeader",
    "info": null,
    "isvisible": true,
    "kuid": "m3f8ab3a25684388999955fa84040b53",
    "layouttype": 2,
    "masterTopLevelFlex": true,
    "name": "kony.ui.FlexContainer",
    "parent": "Master0095918600ea349",
    "pf": "Master0095918600ea349",
    "snapgridsize": 10,
    "snaptogrid": true,
    "vizProps": {
        "hidewidgethierarchy": false
    },
    "wType": "FlexContainer",
    "widgetalignment": 1
}