{
    "__parentReadjusting__": false,
    "_padding_": [
        0,
        0,
        0,
        0
    ],
    "_skin_": "s412dd4c16364ea6b8400ac40ac31f01",
    "_srcKuid_": "370e9cc6d6044bdda32d6ecbae165e37",
    "canUpdateUI": true,
    "channel": "mobile",
    "children": [
        "Label0bb5fed64490342",
        "Image0ee368462a3764e"
    ],
    "context": {},
    "dataDiffs": {
        "height": {
            "type": "string",
            "value": "100%"
        },
        "id": "FlexContainer06c89085ee5754a",
        "left": {
            "type": "string",
            "value": "0%"
        },
        "top": {
            "type": "string",
            "value": "0%"
        },
        "width": {
            "type": "string",
            "value": "100%"
        },
        "zIndex": 1
    },
    "id": "FlexContainer06c89085ee5754a",
    "instanceOf": "370e9cc6d6044bdda32d6ecbae165e37",
    "isvisible": true,
    "kuid": "m77682f522d84c4a9d577bdc84d73f05",
    "layouttype": 2,
    "masterInstance": true,
    "name": "kony.ui.FlexContainer",
    "parent": "masterFlexHeader",
    "pf": "frmHomePage",
    "topLevelInstanceKUID": "m51aff5a22a54c7aad72853ad2868c97",
    "wType": "FlexContainer"
}