{
    "__parentReadjusting__": false,
    "_padding_": [
        0,
        0,
        0,
        0
    ],
    "_skin_": "s67f8911f42d4b8797ef2111e10317a1",
    "_srcKuid_": "1c16c569f4f042b48a16be5c1c8f2e98",
    "canUpdateUI": true,
    "channel": "mobile",
    "context": {},
    "dataDiffs": {
        "height": {
            "type": "string",
            "value": "20dp"
        },
        "id": "Image0ee368462a3764e",
        "left": {
            "type": "string",
            "value": "0%"
        },
        "right": {
            "type": "number",
            "value": "0"
        },
        "src": "kony_logo2x.png",
        "top": {
            "type": "string",
            "value": "4%"
        },
        "width": {
            "type": "string",
            "value": "24.38%"
        },
        "zIndex": 1
    },
    "id": "Image0ee368462a3764e",
    "instanceOf": "1c16c569f4f042b48a16be5c1c8f2e98",
    "isvisible": true,
    "kuid": "meabf148d56a4a589b5191c3081c3ed6",
    "masterInstance": true,
    "name": "kony.ui.Image2",
    "parent": "FlexContainer06c89085ee5754a",
    "pf": "frmHomePage",
    "topLevelInstanceKUID": "m51aff5a22a54c7aad72853ad2868c97",
    "wType": "Image"
}