{
    "@class": "com.kony.gen.viz.model.component.KVizButton",
    "DNDConfig": null,
    "__parentReadjusting__": false,
    "_height_": {
        "type": "string",
        "value": "12.77%"
    },
    "_left_": {
        "type": "string",
        "value": "52.06%"
    },
    "_margin_": [
        6,
        6,
        6,
        6
    ],
    "_padding_": [
        0,
        0,
        0,
        0
    ],
    "_skin_": "s5f9b249b3b1452a90e35f1dacc5f59e",
    "_text_": "Login",
    "_top_": {
        "type": "string",
        "value": "65.98%"
    },
    "_width_": {
        "type": "string",
        "value": "35.46%"
    },
    "canUpdateUI": true,
    "containerweight": 100,
    "contentalignment": 5,
    "displaytext": true,
    "focusskin": "s1f2f08c48d74c8494fee1f63658d8a7",
    "id": "Button0gd0c3f980fd44e",
    "ide_onClick": "AS_Button_cbbe85f0f6aa4d63969430c5bf5ba2fc",
    "info": null,
    "isvisible": true,
    "kuid": "i3913f4eb1ca476cab333b9660265604",
    "name": "kony.ui.Button",
    "parent": "FlexContainer0j95a6b1c5e2749",
    "pf": "frmLogin",
    "wType": "Button",
    "zindex": 1
}