{
    "@class": "com.kony.gen.viz.model.component.KVizCheckBox",
    "DNDConfig": null,
    "__parentReadjusting__": false,
    "_height_": {
        "type": "string",
        "value": "12.20%"
    },
    "_left_": {
        "type": "string",
        "value": "2.9299999999999997%"
    },
    "_margin_": [
        0,
        0,
        0,
        0
    ],
    "_padding_": [
        0,
        0,
        0,
        0
    ],
    "_skin_": "s25b9317f8cc49cdbbe7410913be2bd0",
    "_top_": {
        "type": "string",
        "value": "65.86%"
    },
    "_width_": {
        "type": "string",
        "value": "45.32%"
    },
    "canUpdateUI": true,
    "containerweight": 100,
    "id": "checkboxForRememberMe",
    "info": null,
    "ipad": {
        "psp": {
            "viewType": 4
        }
    },
    "iphone": {
        "psp": {
            "viewType": 4
        }
    },
    "isvisible": true,
    "itemorientation": "vertical",
    "kuid": "e923db9f5e0e41088bea38bf3db76c97",
    "masterdata": [
        [
            "true",
            "Remember me"
        ]
    ],
    "name": "kony.ui.CheckBoxGroup",
    "orientation": "vertical",
    "parent": "FlexContainer0j95a6b1c5e2749",
    "pf": "frmLogin",
    "selectedkey": null,
    "selectedkeys": [],
    "selectedkeyvalue": null,
    "selectedkeyvalues": null,
    "size": 18,
    "viewtype": 0,
    "wType": "CheckBoxGroup",
    "widgetalignment": 5,
    "zindex": 1
}