{
    "DNDConfig": null,
    "__parentReadjusting__": false,
    "_height_": {
        "type": "string",
        "value": "42.42%"
    },
    "_left_": {
        "type": "string",
        "value": "23%"
    },
    "_margin_": [
        0,
        0,
        0,
        0
    ],
    "_orientation_": 6,
    "_padding_": [
        0,
        0,
        0,
        0
    ],
    "_percent_": true,
    "_skin_": "sf73ef83b8f54dc4a9dae70ac44bd84c",
    "_top_": {
        "type": "string",
        "value": "180%"
    },
    "_width_": {
        "type": "string",
        "value": "93.94%"
    },
    "allboxes": [],
    "autogrowmode": 0,
    "canUpdateUI": true,
    "centerx": {
        "type": "string",
        "value": "50.00%"
    },
    "centery": {
        "type": "string",
        "value": "50.03%"
    },
    "children": [
        "txtUser",
        "txtPassWord",
        "Button0gd0c3f980fd44e",
        "Label0af02905b16f74e",
        "Label0e85348f5833042",
        "checkboxForRememberMe"
    ],
    "clipbounds": true,
    "containerweight": 100,
    "enablescrolling": true,
    "id": "FlexContainer0j95a6b1c5e2749",
    "info": null,
    "isvisible": true,
    "kuid": "a50222e2d25641a8aeea463f75880adc",
    "layouttype": 2,
    "name": "kony.ui.FlexContainer",
    "parent": "frmLogin",
    "pf": "frmLogin",
    "snapgridsize": 10,
    "snaptogrid": true,
    "wType": "FlexContainer",
    "widgetalignment": 1,
    "zindex": 1
}