{
    "@class": "com.kony.gen.viz.model.component.KVizImage2",
    "DNDConfig": null,
    "__parentReadjusting__": false,
    "_base64_": null,
    "_height_": {
        "type": "string",
        "value": "11%"
    },
    "_left_": {
        "type": "string",
        "value": "29.18%"
    },
    "_margin_": [
        0,
        0,
        0,
        0
    ],
    "_padding_": [
        0,
        0,
        0,
        0
    ],
    "_skin_": "s67f8911f42d4b8797ef2111e10317a1",
    "_src_": "kony_logo2x.png",
    "_top_": {
        "type": "string",
        "value": "16.80%"
    },
    "_width_": {
        "type": "string",
        "value": "45.37%"
    },
    "canUpdateUI": true,
    "containerweight": 100,
    "context": {
        "channel": "mobile",
        "formID": "frmLogin",
        "platform": "android",
        "templateType": "forms",
        "topLevelBox": null
    },
    "id": "Image0db8864c7c76043",
    "imagescalemode": 1,
    "info": null,
    "invokedProperty": "src",
    "isvisible": true,
    "kuid": "f468b2a3022e42edab9dd90303ae48f4",
    "name": "kony.ui.Image2",
    "parent": "frmLogin",
    "pf": "frmLogin",
    "srcType": 1,
    "wType": "Image",
    "widgetalignment": 5,
    "zindex": 1
}