{
    "__parentReadjusting__": false,
    "_padding_": [
        0,
        0,
        0,
        0
    ],
    "_skin_": "sccca9ea32b4495a839b074708594b86",
    "_srcKuid_": "m3f8ab3a25684388999955fa84040b53",
    "canUpdateUI": true,
    "channel": "mobile",
    "children": [
        "FlexContainer06c89085ee5754a"
    ],
    "context": {},
    "dataDiffs": {
        "height": {
            "type": "string",
            "value": "10%"
        },
        "id": "masterFlexHeader",
        "left": {
            "type": "string",
            "value": "0%"
        },
        "top": {
            "type": "string",
            "value": "0%"
        },
        "width": {
            "type": "string",
            "value": "100%"
        },
        "zIndex": 1
    },
    "id": "masterFlexHeader",
    "instanceOf": "m3f8ab3a25684388999955fa84040b53",
    "isTopFlexInstance": true,
    "isvisible": true,
    "kuid": "m383460fcf6c4c7da91803b0094ec2d9",
    "layouttype": 2,
    "masterInstance": true,
    "name": "kony.ui.FlexContainer",
    "parent": "frmLogin",
    "pf": "frmLogin",
    "wType": "FlexContainer"
}