{
    "@class": "com.kony.gen.viz.model.component.KVizTextBox2",
    "DNDConfig": null,
    "__parentReadjusting__": false,
    "_height_": {
        "type": "string",
        "value": "13.53%"
    },
    "_left_": {
        "type": "string",
        "value": "34.07%"
    },
    "_margin_": [
        0,
        0,
        0,
        0
    ],
    "_padding_": [
        3,
        0,
        0,
        0
    ],
    "_placeholder_": "*********",
    "_skin_": "s80aaf9b01a148dea0e408fd3ff72ff7",
    "_text_": "",
    "_top_": {
        "type": "string",
        "value": "44.14%"
    },
    "_width_": {
        "type": "string",
        "value": "54.21%"
    },
    "autocapitalize": "none",
    "autocomplete": false,
    "autocorrect": false,
    "autofilter": false,
    "canUpdateUI": true,
    "containerheight": "",
    "containerheightmode": 1,
    "containerweight": 100,
    "contentalignment": 4,
    "id": "txtPassWord",
    "info": null,
    "isvisible": true,
    "keyboardtype": "A",
    "kuid": "b8ba9c98c41b482ab46aa30ea0177ed5",
    "mode": "A",
    "name": "kony.ui.TextBox2",
    "parent": "FlexContainer0j95a6b1c5e2749",
    "pf": "frmLogin",
    "securetextentry": true,
    "textinputmode": "A",
    "viewtype": "default",
    "wType": "TextField",
    "zindex": 1
}