{
    "@class": "com.kony.gen.viz.model.component.KVizTextBox2",
    "DNDConfig": null,
    "__parentReadjusting__": false,
    "_height_": {
        "type": "string",
        "value": "13.55%"
    },
    "_left_": "33.98%",
    "_margin_": [
        0,
        0,
        0,
        0
    ],
    "_padding_": [
        3,
        0,
        0,
        0
    ],
    "_placeholder_": "employeeId",
    "_skin_": "sa4fd37d8ee742ccaf3a2f2cc3c32901",
    "_text_": "",
    "_top_": "17.74%",
    "_width_": {
        "type": "string",
        "value": "54.34%"
    },
    "autocapitalize": "none",
    "autocomplete": false,
    "autocorrect": false,
    "autofilter": false,
    "canUpdateUI": true,
    "containerheight": "",
    "containerheightmode": 1,
    "containerweight": 100,
    "contentalignment": 4,
    "disabledSkins": {},
    "id": "txtUser",
    "info": null,
    "isvisible": true,
    "keyboardtype": "A",
    "kuid": "hab3654071fe47f79ab8765b1eb0876b",
    "mode": "A",
    "name": "kony.ui.TextBox2",
    "parent": "FlexContainer0j95a6b1c5e2749",
    "pf": "frmLogin",
    "placeholderskin": "s1d77d0528d24627b2644e4354679ca1",
    "securetextentry": false,
    "textinputmode": "A",
    "viewtype": "default",
    "wType": "TextField",
    "zindex": 1
}