{
    "__parentReadjusting__": false,
    "_padding_": [
        0,
        0,
        0,
        0
    ],
    "_skin_": "s412dd4c16364ea6b8400ac40ac31f01",
    "_srcKuid_": "370e9cc6d6044bdda32d6ecbae165e37",
    "canUpdateUI": true,
    "channel": "mobile",
    "children": [
        "Label0bb5fed64490342",
        "Image0ee368462a3764e"
    ],
    "context": {},
    "dataDiffs": {
        "height": {
            "type": "string",
            "value": "100%"
        },
        "id": "FlexContainer06c89085ee5754a",
        "left": {
            "type": "string",
            "value": "0dp"
        },
        "top": {
            "type": "string",
            "value": "0dp"
        },
        "width": {
            "type": "string",
            "value": "100%"
        },
        "zIndex": 1
    },
    "id": "FlexContainer06c89085ee5754a",
    "instanceOf": "370e9cc6d6044bdda32d6ecbae165e37",
    "isvisible": true,
    "kuid": "mc4c5da50b4a47a9a233b1798e9a73e8",
    "layouttype": 2,
    "masterInstance": true,
    "name": "kony.ui.FlexContainer",
    "parent": "masterFlexHeader",
    "pf": "frmLogin",
    "topLevelInstanceKUID": "m383460fcf6c4c7da91803b0094ec2d9",
    "wType": "FlexContainer"
}