{
    "__parentReadjusting__": false,
    "_padding_": [
        0,
        0,
        0,
        0
    ],
    "_skin_": "s67f8911f42d4b8797ef2111e10317a1",
    "_srcKuid_": "1c16c569f4f042b48a16be5c1c8f2e98",
    "canUpdateUI": true,
    "channel": "mobile",
    "context": {},
    "dataDiffs": {
        "height": {
            "type": "string",
            "value": "43.24%"
        },
        "id": "Image0ee368462a3764e",
        "left": {
            "type": "string",
            "value": "0%"
        },
        "right": {
            "type": "number",
            "value": "0"
        },
        "src": "kony_logo2x.png",
        "top": {
            "type": "string",
            "value": "4%"
        },
        "width": {
            "type": "string",
            "value": "18.40%"
        },
        "zIndex": 1
    },
    "id": "Image0ee368462a3764e",
    "instanceOf": "1c16c569f4f042b48a16be5c1c8f2e98",
    "isvisible": true,
    "kuid": "m496bd8d9f87417b83f5fb5fecc11ee9",
    "masterInstance": true,
    "name": "kony.ui.Image2",
    "parent": "FlexContainer06c89085ee5754a",
    "pf": "frmLogin",
    "topLevelInstanceKUID": "m383460fcf6c4c7da91803b0094ec2d9",
    "wType": "Image"
}