{
    "__parentReadjusting__": false,
    "_padding_": [
        0,
        0,
        0,
        0
    ],
    "_skin_": "s6c33cfa209643e88fa5d22cdc9fc36b",
    "_srcKuid_": "d0a6628d726d4c9bafdbc03b054bf757",
    "canUpdateUI": true,
    "channel": "mobile",
    "context": {},
    "dataDiffs": {
        "height": {
            "type": "string",
            "value": "64.86%"
        },
        "id": "Label0bb5fed64490342",
        "left": {
            "type": "string",
            "value": "20%"
        },
        "text": "CSE Ticket Status",
        "top": {
            "type": "string",
            "value": "30%"
        },
        "width": {
            "type": "ref",
            "value": "preferred"
        },
        "zIndex": 1
    },
    "id": "Label0bb5fed64490342",
    "instanceOf": "d0a6628d726d4c9bafdbc03b054bf757",
    "isvisible": true,
    "kuid": "md611116893f47ffa45c9219030571ce",
    "masterInstance": true,
    "name": "kony.ui.Label",
    "parent": "FlexContainer06c89085ee5754a",
    "pf": "frmLogin",
    "topLevelInstanceKUID": "m383460fcf6c4c7da91803b0094ec2d9",
    "wType": "Label"
}