{
    "AS_AppEvents_c4b65b216ab1466584bfad7936dfdec2": {
        "id": "AS_AppEvents_c4b65b216ab1466584bfad7936dfdec2",
        "type": "ACTION_SEQUENCE",
        "params": [{
            "datatype": "collection",
            "name": "eventobject"
        }],
        "language": "js",
        "actions": [{
            "id": "ADD_SNIPPET__ecc00cd11b854893b79fabd67a9a5ec6",
            "type": "ADD_SNIPPET",
            "codeSnippet": "callbackAndroidOriphoneSetCallbacks();\n",
            "parentId": null,
            "callbackType": null
        }]
    }
}