{
    "AS_Button_b71574557b30468bad916b70eded4d3d": {
        "id": "AS_Button_b71574557b30468bad916b70eded4d3d",
        "type": "ACTION_SEQUENCE",
        "params": [{
            "datatype": "collection",
            "name": "eventobject"
        }],
        "language": "js",
        "actions": [{
            "id": "INVOKE_FUNCTION__ide_onClick_d634fb63e45d4e5bb53354d42455db07",
            "type": "INVOKE_FUNCTION",
            "sequenceKUID": "frmAgentDataMain",
            "display": "frmAgentDataMain",
            "inputparams": [],
            "callbackType": null,
            "disabled": null,
            "source": "module"
        }]
    }
}