{
    "AS_Button_8279e0c1736f48678e7c908a066b62be": {
        "id": "AS_Button_8279e0c1736f48678e7c908a066b62be",
        "type": "ACTION_SEQUENCE",
        "params": [{
            "datatype": "collection",
            "name": "eventobject"
        }],
        "contextObj": {
            "name": "frmHomePage",
            "type": "forms",
            "platform": "",
            "KUID": "2ce443f12a1946c8825a6b4572378479"
        },
        "language": "js",
        "actions": [{
            "id": "NAVIGATE_TO_FORM___9be1ac095704411094aca0110d9006cc",
            "type": "NAVIGATE_TO_FORM",
            "formId": "frmAgentData",
            "formKUID": "7613fee474304f3abe03b8fd1f2db177",
            "mappings": {},
            "mappingsOrder": [],
            "parentId": "",
            "callbackType": null,
            "enableMappingEditor": true
        }]
    }
}