{
    "AS_Button_14bebb84f41148a382ea51158141796a": {
        "id": "AS_Button_14bebb84f41148a382ea51158141796a",
        "type": "ACTION_SEQUENCE",
        "params": [{
            "datatype": "collection",
            "name": "eventobject"
        }],
        "contextObj": {
            "name": "frmAgentData2",
            "type": "forms",
            "platform": null,
            "KUID": "c95f379591594b9286fa37c8ae1336f6"
        },
        "language": "js",
        "actions": [{
            "id": "NAVIGATE_TO_FORM___be499020cd5d4c658f580564762d306d",
            "type": "NAVIGATE_TO_FORM",
            "formId": "frmAgentData",
            "formKUID": "7613fee474304f3abe03b8fd1f2db177",
            "mappings": {},
            "mappingsOrder": [],
            "parentId": "",
            "callbackType": null,
            "enableMappingEditor": true
        }]
    }
}