{
    "AS_Button_91ee0b7311e249bdaeddfc43696a3fd5": {
        "id": "AS_Button_91ee0b7311e249bdaeddfc43696a3fd5",
        "type": "ACTION_SEQUENCE",
        "params": [{
            "datatype": "collection",
            "name": "eventobject"
        }],
        "contextObj": {
            "name": "frmAgentData2",
            "type": "forms",
            "platform": null,
            "KUID": "c95f379591594b9286fa37c8ae1336f6"
        },
        "language": "js",
        "actions": [{
            "id": "INVOKE_FUNCTION__ide_onClick_0f343612179344da96b661157cc8e2ce",
            "type": "INVOKE_FUNCTION",
            "sequenceKUID": "frmAgentDataMain2",
            "display": "frmAgentDataMain2",
            "inputparams": [],
            "callbackType": null,
            "disabled": null,
            "source": "module"
        }]
    }
}