{
    "AS_Button_d2b33bfc70f840f582464e250b34afee": {
        "id": "AS_Button_d2b33bfc70f840f582464e250b34afee",
        "type": "ACTION_SEQUENCE",
        "params": [{
            "datatype": "collection",
            "name": "eventobject"
        }],
        "contextObj": {
            "name": "frmAgentDataMF",
            "type": "forms",
            "platform": null,
            "KUID": "002b122bbf6845f49278b3be1249a676"
        },
        "language": "js",
        "actions": [{
            "id": "NAVIGATE_TO_FORM__ide_onClick_11a18772de5440039b6a7b3627e91c6b",
            "type": "NAVIGATE_TO_FORM",
            "formId": "frmAgentData",
            "formKUID": "7613fee474304f3abe03b8fd1f2db177",
            "mappings": {},
            "mappingsOrder": [],
            "parentId": "",
            "callbackType": null,
            "enableMappingEditor": true
        }]
    }
}