{
    "AS_Button_e5d9820e69f94c29bed447ffc7781f2d": {
        "id": "AS_Button_e5d9820e69f94c29bed447ffc7781f2d",
        "type": "ACTION_SEQUENCE",
        "params": [{
            "datatype": "collection",
            "name": "eventobject"
        }],
        "contextObj": {
            "name": "frmHomePage",
            "type": "forms",
            "platform": "",
            "KUID": "2ce443f12a1946c8825a6b4572378479"
        },
        "language": "js",
        "actions": [{
            "id": "NAVIGATE_TO_FORM___aeaca484fa124386abe96be6f5e02d64",
            "type": "NAVIGATE_TO_FORM",
            "formId": "frmAgentDataMF",
            "formKUID": "002b122bbf6845f49278b3be1249a676",
            "mappings": {},
            "mappingsOrder": [],
            "parentId": "",
            "callbackType": null,
            "enableMappingEditor": true
        }]
    }
}