{
    "AS_Button_bf68b4c860a44d02ab328f0536c10a37": {
        "id": "AS_Button_bf68b4c860a44d02ab328f0536c10a37",
        "type": "ACTION_SEQUENCE",
        "params": [{
            "datatype": "collection",
            "name": "eventobject"
        }],
        "contextObj": {
            "name": "frmHomePage",
            "type": "forms",
            "platform": "",
            "KUID": "2ce443f12a1946c8825a6b4572378479"
        },
        "language": "js",
        "actions": [{
            "id": "INVOKE_FUNCTION___ic0df750821a42b693a80eb9002e35da",
            "type": "INVOKE_FUNCTION",
            "sequenceKUID": "ClearButtonForNotificationOnActionWithOutNetCheck",
            "display": "ClearButtonForNotificationOnActionWithOutNetCheck",
            "inputparams": [],
            "parentId": null,
            "callbackType": null,
            "disabled": null,
            "source": "module"
        }]
    }
}