{
    "AS_Button_c68c0e39b5e34235bdcfbe5960fa33ce": {
        "id": "AS_Button_c68c0e39b5e34235bdcfbe5960fa33ce",
        "type": "ACTION_SEQUENCE",
        "params": [{
            "datatype": "collection",
            "name": "eventobject"
        }],
        "contextObj": {
            "name": "frmAgentData2",
            "type": "forms",
            "platform": null,
            "KUID": "c95f379591594b9286fa37c8ae1336f6"
        },
        "language": "js",
        "actions": [{
            "id": "NAVIGATE_TO_FORM__ide_onClick_df4b488f279a425895f5f903f5444af8",
            "type": "NAVIGATE_TO_FORM",
            "formId": "frmHomePage",
            "formKUID": "2ce443f12a1946c8825a6b4572378479",
            "mappings": {},
            "mappingsOrder": [],
            "parentId": "",
            "callbackType": null,
            "enableMappingEditor": true
        }]
    }
}