{
    "AS_Button_5fdb7f27277e4602bbcc463138d43542": {
        "id": "AS_Button_5fdb7f27277e4602bbcc463138d43542",
        "type": "ACTION_SEQUENCE",
        "params": [{
            "datatype": "collection",
            "name": "eventobject"
        }],
        "language": "js",
        "actions": [{
            "id": "NAVIGATE_TO_FORM___0c121e7e81db43acacab9b4b78fdaf83",
            "type": "NAVIGATE_TO_FORM",
            "formId": "frmAgentData2",
            "formKUID": "c95f379591594b9286fa37c8ae1336f6",
            "mappings": {},
            "mappingsOrder": [],
            "parentId": "",
            "callbackType": null,
            "enableMappingEditor": true
        }]
    }
}