{
    "AS_Button_b5722e56dc2447f49c4c32d82d0baad5": {
        "id": "AS_Button_b5722e56dc2447f49c4c32d82d0baad5",
        "type": "ACTION_SEQUENCE",
        "params": [{
            "datatype": "collection",
            "name": "eventobject"
        }],
        "contextObj": {
            "name": "frmAgentDataMF",
            "type": "forms",
            "platform": null,
            "KUID": "002b122bbf6845f49278b3be1249a676"
        },
        "language": "js",
        "actions": [{
            "id": "NAVIGATE_TO_FORM__ide_onClick_ddda7506239f44be982f0548e2e97910",
            "type": "NAVIGATE_TO_FORM",
            "formId": "frmHomePage",
            "formKUID": "2ce443f12a1946c8825a6b4572378479",
            "mappings": {},
            "mappingsOrder": [],
            "parentId": "",
            "callbackType": null,
            "enableMappingEditor": true
        }]
    }
}