{
    "AS_Button_8337ff0ffdbc4b9a8ea9327115da8dfa": {
        "id": "AS_Button_8337ff0ffdbc4b9a8ea9327115da8dfa",
        "type": "ACTION_SEQUENCE",
        "params": [{
            "datatype": "collection",
            "name": "eventobject"
        }],
        "language": "js",
        "actions": [{
            "id": "NAVIGATE_TO_FORM__ide_onClick_5e82cad7221848e2a46aa950dbf84ac3",
            "type": "NAVIGATE_TO_FORM",
            "formId": "frmHomePage",
            "formKUID": "2ce443f12a1946c8825a6b4572378479",
            "mappings": {},
            "mappingsOrder": [],
            "parentId": "",
            "callbackType": null,
            "enableMappingEditor": true
        }]
    }
}