{
    "AS_Button_cbbe85f0f6aa4d63969430c5bf5ba2fc": {
        "id": "AS_Button_cbbe85f0f6aa4d63969430c5bf5ba2fc",
        "type": "ACTION_SEQUENCE",
        "params": [{
            "datatype": "collection",
            "name": "eventobject"
        }],
        "contextObj": {
            "name": "frmLogin",
            "type": "forms",
            "platform": "",
            "KUID": "e90e2e5e59364900866a73c8956e2972"
        },
        "language": "js",
        "actions": [{
            "id": "INVOKE_FUNCTION___a8dba4f2234a471ca4ff9f2e08a9a7c1",
            "type": "INVOKE_FUNCTION",
            "sequenceKUID": "NetWorkCheck",
            "display": "NetWorkCheck",
            "inputparams": [],
            "parentId": null,
            "callbackType": null,
            "disabled": null,
            "source": "module"
        }]
    }
}