{
    "AS_Button_adf0c600183b44d7830f97e24c259c88": {
        "id": "AS_Button_adf0c600183b44d7830f97e24c259c88",
        "type": "ACTION_SEQUENCE",
        "params": [{
            "datatype": "collection",
            "name": "eventobject"
        }],
        "contextObj": {
            "name": "frmHomePage",
            "type": "forms",
            "platform": "",
            "KUID": "2ce443f12a1946c8825a6b4572378479"
        },
        "language": "js",
        "actions": [{
            "id": "MOVE_ACTION____f5e3c9583b7f40b6bb75d68e2921e765",
            "type": "MOVE_ACTION",
            "itemType": "FORM",
            "itemId": "frmHomePage",
            "widgetId": "flxMoveForNotice",
            "itemKUID": "2ce443f12a1946c8825a6b4572378479",
            "widgetKUID": "b68469b6d64e46819903448b852be84e",
            "wType": "FlexContainer",
            "animationObject": {
                "left": "-51%",
                "anchorPoint": {},
                "stepConfig": {
                    "timingFunction": "kony.anim.EASE"
                },
                "rectified": true
            },
            "config": {
                "iterationCount": 1,
                "fillMode": "kony.anim.FILL_MODE_FORWARDS",
                "duration": "25"
            },
            "start": "Immediately",
            "animationId": "MOVE_ACTION____f5e3c9583b7f40b6bb75d68e2921e765",
            "displayAnimationId": "MOVE_ACTION____f5e3c9583b7f40b6bb75d68e2921e765",
            "forkedPlatform": "all",
            "parentId": null,
            "callbackType": null,
            "widgetPath": "frmHomePage.flxMoveForNotice"
        }, {
            "id": "INVOKE_FUNCTION___bc4df1a78349452fbfd528009d30fd51",
            "type": "INVOKE_FUNCTION",
            "sequenceKUID": "logout",
            "display": "logout",
            "inputparams": [],
            "parentId": "MOVE_ACTION____f5e3c9583b7f40b6bb75d68e2921e765",
            "callbackType": "Callback",
            "disabled": null,
            "source": "module"
        }]
    }
}