{
    "AS_Button_f50c8ada6f4f4e2d88b79e8cce44d283": {
        "id": "AS_Button_f50c8ada6f4f4e2d88b79e8cce44d283",
        "type": "ACTION_SEQUENCE",
        "params": [{
            "datatype": "collection",
            "name": "eventobject"
        }],
        "contextObj": {
            "name": "frmHomePage",
            "type": "forms",
            "platform": "",
            "KUID": "2ce443f12a1946c8825a6b4572378479"
        },
        "language": "js",
        "actions": [{
            "id": "INVOKE_FUNCTION___i775a99b0f924597809d57397050a2ca",
            "type": "INVOKE_FUNCTION",
            "sequenceKUID": "callbackAndroidOriphoneRegister",
            "display": "callbackAndroidOriphoneRegister",
            "inputparams": [],
            "parentId": null,
            "callbackType": null,
            "disabled": null,
            "source": "module"
        }]
    }
}