{
    "AS_Button_fb5cbaa4682b4a4ab2bad282ae7e4a98": {
        "id": "AS_Button_fb5cbaa4682b4a4ab2bad282ae7e4a98",
        "type": "ACTION_SEQUENCE",
        "params": [{
            "datatype": "collection",
            "name": "eventobject"
        }],
        "contextObj": {
            "name": "frmAgentDataMF",
            "type": "forms",
            "platform": null,
            "KUID": "002b122bbf6845f49278b3be1249a676"
        },
        "language": "js",
        "actions": [{
            "id": "INVOKE_FUNCTION__ide_onClick_2da736627ec74b9db9e9699fc5e377cc",
            "type": "INVOKE_FUNCTION",
            "sequenceKUID": "frmAgentDataMainMF",
            "display": "frmAgentDataMainMF",
            "inputparams": [],
            "callbackType": null,
            "disabled": null,
            "source": "module"
        }]
    }
}