{
    "AS_Form_a5f07e8a2f264938802afe5dd765f4dc": {
        "id": "AS_Form_a5f07e8a2f264938802afe5dd765f4dc",
        "type": "ACTION_SEQUENCE",
        "params": [{
            "datatype": "collection",
            "name": "eventobject"
        }],
        "contextObj": {
            "name": "frmLogin",
            "type": "forms",
            "platform": "",
            "KUID": "e90e2e5e59364900866a73c8956e2972"
        },
        "language": "js",
        "actions": [{
            "id": "INVOKE_FUNCTION___eacf845d4f6e4378acd4f6819919c246",
            "type": "INVOKE_FUNCTION",
            "sequenceKUID": "LMain",
            "display": "LMain",
            "inputparams": [],
            "parentId": null,
            "callbackType": null,
            "disabled": null,
            "source": "module"
        }, {
            "id": "INVOKE_FUNCTION___f16b8b20e39148e4a22b837fa97bc718",
            "type": "INVOKE_FUNCTION",
            "sequenceKUID": "RememberMe",
            "display": "RememberMe",
            "inputparams": [],
            "parentId": null,
            "callbackType": null,
            "disabled": null,
            "source": "module"
        }]
    }
}