{
    "AS_Form_aab47ea43ada4b2f9e49a5bc281d6443": {
        "id": "AS_Form_aab47ea43ada4b2f9e49a5bc281d6443",
        "type": "ACTION_SEQUENCE",
        "params": [{
            "datatype": "collection",
            "name": "eventobject"
        }],
        "contextObj": {
            "name": "frmHomePage",
            "type": "forms",
            "platform": "",
            "KUID": "2ce443f12a1946c8825a6b4572378479"
        },
        "language": "js",
        "actions": [{
            "id": "ADD_SNIPPET__f28c1e76979243bba58b0652fce3bd53",
            "type": "ADD_SNIPPET",
            "codeSnippet": "frmHomePage.imgOut.setVisibility(true);\nif(kony.store.getItem(\"pushList\")!=null)\n{var pushString=kony.store.getItem(\"pushList\");\n     pushString=\"{\\\"dataSet\\\":[\"+pushString+\"]}\";\n     var test=JSON.parse(pushString);\n      var frontNoteSeg={dataSet:[]};\n      frmHomePage.segPush.widgetDataMap={lblSegHeadTitle:\"title\",lblSegContent:\"content\"};\n      frmHomePage.segPush.setData(test.dataSet);\n}",
            "parentId": null,
            "callbackType": null
        }]
    }
}