{
    "AS_Form_41f5db727aaf496bb0490356d5a0ba90": {
        "id": "AS_Form_41f5db727aaf496bb0490356d5a0ba90",
        "type": "ACTION_SEQUENCE",
        "params": [{
            "datatype": "collection",
            "name": "eventobject"
        }],
        "contextObj": {
            "name": "frmAgentData2",
            "type": "forms",
            "platform": null,
            "KUID": "c95f379591594b9286fa37c8ae1336f6"
        },
        "language": "js",
        "actions": [{
            "id": "INVOKE_FUNCTION__ide_preShow_704b01ed19084ea8b934cba792ed99b6",
            "type": "INVOKE_FUNCTION",
            "sequenceKUID": "frmAgentDataMain2",
            "display": "frmAgentDataMain2",
            "inputparams": [],
            "callbackType": null,
            "disabled": null,
            "source": "module"
        }]
    }
}