{
    "AS_Form_3fe568c3ee9d44a0ab7a4326b3c822c2": {
        "id": "AS_Form_3fe568c3ee9d44a0ab7a4326b3c822c2",
        "type": "ACTION_SEQUENCE",
        "params": [{
            "datatype": "collection",
            "name": "eventobject"
        }],
        "contextObj": {
            "name": "frmAgentData",
            "type": "forms",
            "platform": null,
            "KUID": "7613fee474304f3abe03b8fd1f2db177"
        },
        "language": "js",
        "actions": [{
            "id": "INVOKE_FUNCTION___bab24a28486d4dbcb5cf37bab0d08534",
            "type": "INVOKE_FUNCTION",
            "sequenceKUID": "frmAgentDataMain",
            "display": "frmAgentDataMain",
            "inputparams": [],
            "parentId": null,
            "callbackType": null,
            "disabled": null,
            "source": "module"
        }]
    }
}