{
    "AS_Form_facd1bcc86304ead900e90e4590bcbfc": {
        "id": "AS_Form_facd1bcc86304ead900e90e4590bcbfc",
        "type": "ACTION_SEQUENCE",
        "params": [{
            "datatype": "collection",
            "name": "eventobject"
        }],
        "contextObj": {
            "name": "frmLogin",
            "type": "forms",
            "platform": "",
            "KUID": "e90e2e5e59364900866a73c8956e2972"
        },
        "language": "js",
        "actions": [{
            "id": "INVOKE_FUNCTION___d020561907ce4b5ebf86c4d7507bd9da",
            "type": "INVOKE_FUNCTION",
            "sequenceKUID": "minitiateMF",
            "display": "minitiateMF",
            "inputparams": [],
            "parentId": null,
            "callbackType": null,
            "disabled": null,
            "source": "module"
        }, {
            "id": "ADD_SNIPPET__fa75549a1b9e43789d2a8ddb20efa08b",
            "type": "ADD_SNIPPET",
            "codeSnippet": "frmLogin.FlexContainer0j95a6b1c5e2749.txtUser.left=\"34%\";\nfrmLogin.FlexContainer0j95a6b1c5e2749.txtUser.top=\"18%\";\nfrmLogin.FlexContainer0j95a6b1c5e2749.txtPassWord.left=\"34%\";\nfrmLogin.FlexContainer0j95a6b1c5e2749.txtPassWord.top=\"44%\";\n/*frmLogin.FlexContainer0j95a6b1c5e2749.Label0a0ea6f29991248.left=\"2\";\nfrmLogin.FlexContainer0j95a6b1c5e2749.Label0a0ea6f29991248.top=\"45.5\";\nfrmLogin.FlexContainer0j95a6b1c5e2749.Label0a0ea6f29991248.width=\"30\";\nfrmLogin.FlexContainer0j95a6b1c5e2749.Label0a0ea6f29991248.height=\"10\";\nfrmLogin.FlexContainer0j95a6b1c5e2749.Label0a0ea6f29991248.z\n*/\nfrmLogin.forceLayout();\nfrmLogin.FlexContainer0j95a6b1c5e2749.forceLayout();",
            "parentId": null,
            "callbackType": null
        }]
    }
}