{
    "AS_Form_e4cb4ca87edd4ed48153bced716b1dab": {
        "id": "AS_Form_e4cb4ca87edd4ed48153bced716b1dab",
        "type": "ACTION_SEQUENCE",
        "params": [{
            "datatype": "collection",
            "name": "eventobject"
        }],
        "contextObj": {
            "name": "frmAgentDataMF",
            "type": "forms",
            "platform": null,
            "KUID": "002b122bbf6845f49278b3be1249a676"
        },
        "language": "js",
        "actions": [{
            "id": "INVOKE_FUNCTION__ide_preShow_045696775e8f4a49bb240fce0747a12e",
            "type": "INVOKE_FUNCTION",
            "sequenceKUID": "frmAgentDataMainMF",
            "display": "frmAgentDataMainMF",
            "inputparams": [],
            "callbackType": null,
            "disabled": null,
            "source": "module"
        }]
    }
}