{
    "AS_Form_1fc77aa7fdb4406b9b2f29451eb0e1b8": {
        "id": "AS_Form_1fc77aa7fdb4406b9b2f29451eb0e1b8",
        "type": "ACTION_SEQUENCE",
        "params": [{
            "datatype": "collection",
            "name": "eventobject"
        }],
        "contextObj": {
            "name": "frmHomePage",
            "type": "forms",
            "platform": "",
            "KUID": "2ce443f12a1946c8825a6b4572378479"
        },
        "language": "js",
        "actions": [{
            "id": "INVOKE_FUNCTION___cfc893692fb7474a85f4126a2af7624a",
            "type": "INVOKE_FUNCTION",
            "sequenceKUID": "LMain",
            "display": "LMain",
            "inputparams": [],
            "parentId": null,
            "callbackType": null,
            "disabled": null,
            "source": "module"
        }]
    }
}