{
    "AS_Form_b5c76f0fb68a49caa5d7f202d45e92b7": {
        "id": "AS_Form_b5c76f0fb68a49caa5d7f202d45e92b7",
        "type": "ACTION_SEQUENCE",
        "params": [{
            "datatype": "collection",
            "name": "eventobject"
        }],
        "contextObj": {
            "name": "frmHomePage",
            "type": "forms",
            "platform": "",
            "KUID": "2ce443f12a1946c8825a6b4572378479"
        },
        "language": "js",
        "actions": [{
            "id": "INVOKE_FUNCTION___i5f59375b92e4373a04e067630ea25ee",
            "type": "INVOKE_FUNCTION",
            "sequenceKUID": "ValidateUser",
            "display": "ValidateUser",
            "inputparams": [],
            "parentId": null,
            "callbackType": null,
            "disabled": null,
            "source": "module"
        }]
    }
}