{
    "AS_Image_c9e76e3bb39340b5b1c6548d33cfc0a4": {
        "id": "AS_Image_c9e76e3bb39340b5b1c6548d33cfc0a4",
        "type": "ACTION_SEQUENCE",
        "params": [{
            "datatype": "collection",
            "name": "eventobject"
        }, {
            "datatype": "string",
            "name": "x"
        }, {
            "datatype": "string",
            "name": "y"
        }],
        "contextObj": {
            "name": "frmHomePage",
            "type": "forms",
            "platform": "",
            "KUID": "2ce443f12a1946c8825a6b4572378479"
        },
        "language": "js",
        "actions": [{
            "id": "MOVE_ACTION____b940dd9e2de548a5b3b529aa4fdc88a9",
            "type": "MOVE_ACTION",
            "itemType": "FORM",
            "itemId": "frmHomePage",
            "widgetId": "flxMoveForNotice",
            "itemKUID": "2ce443f12a1946c8825a6b4572378479",
            "widgetKUID": "b68469b6d64e46819903448b852be84e",
            "wType": "FlexContainer",
            "animationObject": {
                "left": "-51%",
                "anchorPoint": {},
                "stepConfig": {
                    "timingFunction": "kony.anim.EASE"
                }
            },
            "config": {
                "delay": "0",
                "iterationCount": 1,
                "fillMode": "kony.anim.FILL_MODE_FORWARDS",
                "duration": "250"
            },
            "start": "Immediately",
            "animationId": "MOVE_ACTION____b940dd9e2de548a5b3b529aa4fdc88a9",
            "displayAnimationId": "MOVE_ACTION____b940dd9e2de548a5b3b529aa4fdc88a9",
            "forkedPlatform": "all",
            "parentId": null,
            "callbackType": null,
            "widgetPath": "frmHomePage.flxMoveForNotice"
        }, {
            "id": "ADD_SNIPPET__c08fed12935d4c4b8c9c15db44074be8",
            "type": "ADD_SNIPPET",
            "codeSnippet": "frmHomePage.imgOut.setVisibility(true);",
            "parentId": "MOVE_ACTION____b940dd9e2de548a5b3b529aa4fdc88a9",
            "callbackType": "Callback"
        }]
    }
}