{
    "AS_Image_b7a3f142d52f44a6bd3cf8327ceb9a60": {
        "id": "AS_Image_b7a3f142d52f44a6bd3cf8327ceb9a60",
        "type": "ACTION_SEQUENCE",
        "params": [{
            "datatype": "collection",
            "name": "eventobject"
        }, {
            "datatype": "string",
            "name": "x"
        }, {
            "datatype": "string",
            "name": "y"
        }],
        "contextObj": {
            "name": "frmHomePage",
            "type": "forms",
            "platform": "",
            "KUID": "2ce443f12a1946c8825a6b4572378479"
        },
        "language": "js",
        "actions": [{
            "id": "MOVE_ACTION____a7202bacad4b4a0d9d989aad7ca2164d",
            "type": "MOVE_ACTION",
            "itemType": "FORM",
            "itemId": "frmHomePage",
            "widgetId": "flxMoveForNotice",
            "itemKUID": "2ce443f12a1946c8825a6b4572378479",
            "widgetKUID": "b68469b6d64e46819903448b852be84e",
            "wType": "FlexContainer",
            "animationObject": {
                "left": "0%",
                "anchorPoint": {},
                "stepConfig": {
                    "timingFunction": "kony.anim.EASE"
                }
            },
            "config": {
                "delay": "0",
                "iterationCount": 1,
                "fillMode": "kony.anim.FILL_MODE_FORWARDS",
                "duration": "250"
            },
            "start": "Immediately",
            "animationId": "MOVE_ACTION____a7202bacad4b4a0d9d989aad7ca2164d",
            "displayAnimationId": "MOVE_ACTION____a7202bacad4b4a0d9d989aad7ca2164d",
            "forkedPlatform": "all",
            "parentId": null,
            "callbackType": null,
            "widgetPath": "frmHomePage.flxMoveForNotice"
        }, {
            "id": "ADD_SNIPPET__c47f071fe3ab40e9a90d79a786815f0c",
            "type": "ADD_SNIPPET",
            "codeSnippet": "frmHomePage.imgOut.setVisibility(false);\nif(kony.store.getItem(\"isFirstTime2\")==null)\n  {\n    frmHomePage.flxPush.setVisibility(true);\n    //frmHomePage.flxNotePrint.setVisibility(false);\n    frmHomePage.segPush.setVisibility(false);\n    frmHomePage.imgUnsubscribe.setVisibility(false);\n    frmHomePage.forceLayout();\n  }\nelse\n{\n  frmHomePage.flxPush.setVisibility(false);\n  //frmHomePage.flxNotePrint.setVisibility(true);\n  frmHomePage.segPush.setVisibility(true);\n  frmHomePage.imgUnsubscribe.setVisibility(true);\n}\n",
            "parentId": null,
            "callbackType": null
        }, {
            "id": "INVOKE_FUNCTION___bf91c1adf29f4dfea963097c34948730",
            "type": "INVOKE_FUNCTION",
            "sequenceKUID": "setAnimationForMenu",
            "display": "setAnimationForMenu",
            "inputparams": [],
            "parentId": null,
            "callbackType": null,
            "disabled": null,
            "source": "module"
        }, {
            "id": "INVOKE_FUNCTION___aa2a381f69f44e93ad8c552ac3de2d8b",
            "type": "INVOKE_FUNCTION",
            "sequenceKUID": "ValidateUser",
            "display": "ValidateUser",
            "inputparams": [],
            "parentId": null,
            "callbackType": null,
            "disabled": null,
            "source": "module"
        }]
    }
}