{
    "AS_Image_a401611f21e5484984e7a64868ed9bd7": {
        "id": "AS_Image_a401611f21e5484984e7a64868ed9bd7",
        "type": "ACTION_SEQUENCE",
        "params": [{
            "datatype": "collection",
            "name": "eventobject"
        }, {
            "datatype": "string",
            "name": "x"
        }, {
            "datatype": "string",
            "name": "y"
        }],
        "contextObj": {
            "name": "frmHomePage",
            "type": "forms",
            "platform": "",
            "KUID": "2ce443f12a1946c8825a6b4572378479"
        },
        "language": "js",
        "actions": [{
            "id": "INVOKE_FUNCTION___h084d991faf94c7ba6da836241834b70",
            "type": "INVOKE_FUNCTION",
            "sequenceKUID": "deregister",
            "display": "deregister",
            "inputparams": [],
            "parentId": null,
            "callbackType": null,
            "disabled": null,
            "source": "module"
        }, {
            "id": "INVOKE_FUNCTION___a19384b1947a42bf8203d761e80d6eb6",
            "type": "INVOKE_FUNCTION",
            "sequenceKUID": "ClearButtonForNotificationOnAction",
            "display": "ClearButtonForNotificationOnAction",
            "inputparams": [],
            "parentId": null,
            "callbackType": null,
            "disabled": null,
            "source": "module"
        }]
    }
}