{
    "AS_Image_17bde5db74a345aba50c04124d88691e": {
        "id": "AS_Image_17bde5db74a345aba50c04124d88691e",
        "type": "ACTION_SEQUENCE",
        "params": [{
            "datatype": "collection",
            "name": "eventobject"
        }, {
            "datatype": "string",
            "name": "x"
        }, {
            "datatype": "string",
            "name": "y"
        }],
        "contextObj": {
            "name": "frmAgentDataMF",
            "type": "forms",
            "platform": null,
            "KUID": "002b122bbf6845f49278b3be1249a676"
        },
        "language": "js",
        "actions": []
    }
}