{
    "AS_Image_6732d9f3e38948a08a690f6e8c8fd017": {
        "id": "AS_Image_6732d9f3e38948a08a690f6e8c8fd017",
        "type": "ACTION_SEQUENCE",
        "params": [{
            "datatype": "collection",
            "name": "eventobject"
        }, {
            "datatype": "string",
            "name": "x"
        }, {
            "datatype": "string",
            "name": "y"
        }],
        "contextObj": {
            "name": "frmAgentData",
            "type": "forms",
            "platform": "",
            "KUID": "7613fee474304f3abe03b8fd1f2db177"
        },
        "language": "js",
        "actions": []
    }
}