{
    "AS_Image_7bdd3d10dab44e329305841f0f8ebc95": {
        "id": "AS_Image_7bdd3d10dab44e329305841f0f8ebc95",
        "type": "ACTION_SEQUENCE",
        "params": [{
            "datatype": "collection",
            "name": "eventobject"
        }, {
            "datatype": "string",
            "name": "x"
        }, {
            "datatype": "string",
            "name": "y"
        }],
        "contextObj": {
            "name": "frmAgentData2",
            "type": "forms",
            "platform": null,
            "KUID": "c95f379591594b9286fa37c8ae1336f6"
        },
        "language": "js",
        "actions": []
    }
}