{
    "AS_Image_be4661b6478c4a54a8822b3d9359eb13": {
        "id": "AS_Image_be4661b6478c4a54a8822b3d9359eb13",
        "type": "ACTION_SEQUENCE",
        "params": [{
            "datatype": "collection",
            "name": "eventobject"
        }, {
            "datatype": "string",
            "name": "x"
        }, {
            "datatype": "string",
            "name": "y"
        }],
        "contextObj": {
            "name": "frmHomePage",
            "type": "forms",
            "platform": "",
            "KUID": "2ce443f12a1946c8825a6b4572378479"
        },
        "language": "js",
        "actions": [{
            "id": "INVOKE_FUNCTION___dcf5b921aee64f598ac1bfe5de2a9e41",
            "type": "INVOKE_FUNCTION",
            "sequenceKUID": "callbackAndroidOriphoneRegister",
            "display": "callbackAndroidOriphoneRegister",
            "inputparams": [],
            "parentId": null,
            "callbackType": null,
            "disabled": null,
            "source": "module"
        }]
    }
}