{
    "AS_Label_31f2dfec7dc648b3a0592e978e5fccc5": {
        "id": "AS_Label_31f2dfec7dc648b3a0592e978e5fccc5",
        "type": "ACTION_SEQUENCE",
        "params": [{
            "datatype": "collection",
            "name": "eventobject"
        }, {
            "datatype": "string",
            "name": "x"
        }, {
            "datatype": "string",
            "name": "y"
        }],
        "contextObj": {
            "name": "frmHomePage",
            "type": "forms",
            "platform": "",
            "KUID": "2ce443f12a1946c8825a6b4572378479"
        },
        "language": "js",
        "actions": [{
            "id": "ADD_SNIPPET__a2fde5f50a1240b393fb2430a5dcd1a8",
            "type": "ADD_SNIPPET",
            "codeSnippet": "kony.application.openURL(\"https://konysolutions.zendesk.com/agent/filters/39040784\");",
            "parentId": null,
            "callbackType": null
        }]
    }
}