{
    "AS_Label_14ae504eec074a288ef4cd29e6aaa378": {
        "id": "AS_Label_14ae504eec074a288ef4cd29e6aaa378",
        "type": "ACTION_SEQUENCE",
        "params": [{
            "datatype": "collection",
            "name": "eventobject"
        }, {
            "datatype": "string",
            "name": "x"
        }, {
            "datatype": "string",
            "name": "y"
        }],
        "contextObj": {
            "name": "frmHomePage",
            "type": "forms",
            "platform": "",
            "KUID": "2ce443f12a1946c8825a6b4572378479"
        },
        "language": "js",
        "actions": [{
            "id": "ADD_SNIPPET__7f5ea337803d4ed98c8d0331c471d21c",
            "type": "ADD_SNIPPET",
            "codeSnippet": "kony.application.openURL(\"https://konysolutions.zendesk.com/agent/filters/39040784\");",
            "parentId": null,
            "callbackType": null
        }]
    }
}