{
    "DNDConfig": null,
    "_height_": {
        "type": "ref",
        "value": "preferred"
    },
    "_margin_": [
        0,
        0,
        0,
        0
    ],
    "_orientation_": 6,
    "_padding_": [
        0,
        0,
        0,
        0
    ],
    "_percent_": true,
    "_skin_": "sccca9ea32b4495a839b074708594b86",
    "allboxes": [],
    "autogrowmode": 1,
    "canUpdateUI": true,
    "children": [
        "lblSegHeadTitle",
        "lblSegTitle",
        "lblSegHeadContent",
        "lblSegContent"
    ],
    "clipbounds": true,
    "containerId": true,
    "containerweight": 100,
    "enablescrolling": true,
    "id": "FlexContainer0a9c3bdd1281841",
    "info": null,
    "isTemplate": true,
    "isvisible": true,
    "kuid": "e800762a6fb341c2aa0305de3d227248",
    "layouttype": 2,
    "name": "kony.ui.FlexContainer",
    "parent": "tmpForPush",
    "pf": "tmpForPush",
    "snapgridsize": 10,
    "snaptogrid": true,
    "wType": "FlexContainer",
    "widgetalignment": 1
}