{
    "mwaddrkey": "",
    "wap_android360_fontsize": "12",
    "isA11yConfigEnabled": false,
    "watchos_notificationcentericon_42": "",
    "wap_android440_fontsize": "12",
    "apppackagekey": "",
    "nativeContainerProperties": {
        "isModified": true,
        "isEnableJSContainer": false,
        "isEnableJSContainerAndroid": false,
        "isEnableJSContaineriOS": false
    },
    "wap_android400_fontsize": "12",
    "wap_spaandroidtabhdpi_fontsize": "12",
    "cordovaVersionInfo": {
        "useGlobalCordova": false
    },
    "appversionkey": "1.0.0",
    "watchos_longlooknotificationicon_38": "",
    "project.type": "js",
    "startupformkey": "frmLogin",
    "wap_bb480_fontsize": "12",
    "wap_winphone480_fontsize": "12",
    "wap_android640_fontsize": "12",
    "vendornamekey": "KonyLabs",
    "wap_android320_fontsize": "12",
    "createdgaversion": "7.0.0",
    "watchos_notificationcentericon_38": "",
    "enableactionbar": false,
    "watchos_shortlooknotificationicon_42": "",
    "wap_android480_fontsize": "12",
    "wap_winphone320_fontsize": "12",
    "watchos_longlooknotificationicon_42": "",
    "appmenu": {
        "tablet": {
            "data": [
                {
                    "windows8": {
                        "appBarButtonStyle": "No Style",
                        "position": "BOTTOM_LEFT"
                    },
                    "android": {
                        "showAsFlag": 0
                    },
                    "kuid": "eec4327b006648c38b073b749da888b6",
                    "icon": {
                        "default": "option1.png"
                    },
                    "id": "appmenuitemid1",
                    "title": "Item 1"
                },
                {
                    "windows8": {
                        "appBarButtonStyle": "No Style",
                        "position": "BOTTOM_LEFT"
                    },
                    "android": {
                        "showAsFlag": 0
                    },
                    "kuid": "71a30666e01f455cb30c4414ee0615a4",
                    "icon": {
                        "default": "option2.png"
                    },
                    "id": "appmenuitemid2",
                    "title": "Item 2"
                },
                {
                    "windows8": {
                        "appBarButtonStyle": "No Style",
                        "position": "BOTTOM_LEFT"
                    },
                    "android": {
                        "showAsFlag": 0
                    },
                    "kuid": "1b384c6273ab4139b4c83d86635dca1c",
                    "icon": {
                        "default": "option3.png"
                    },
                    "id": "appmenuitemid3",
                    "title": "Item 3"
                },
                {
                    "windows8": {
                        "appBarButtonStyle": "No Style",
                        "position": "BOTTOM_LEFT"
                    },
                    "android": {
                        "showAsFlag": 0
                    },
                    "kuid": "753156d9b31e4990aba247fccba59245",
                    "icon": {
                        "default": "option4.png"
                    },
                    "id": "appmenuitemid4",
                    "title": "Item 4"
                }
            ]
        },
        "desktop": {
            "data": [
                {
                    "kuid": "b1d976713dac4655b9bc70bc7d8ee9b3",
                    "icon": {
                        "default": "option1.png"
                    },
                    "id": "appmenuitemid1",
                    "title": "Item 1"
                },
                {
                    "kuid": "0ed28efd479b4cd08593eaff947cea76",
                    "icon": {
                        "default": "option2.png"
                    },
                    "id": "appmenuitemid2",
                    "title": "Item 2"
                },
                {
                    "kuid": "8473fd5c2ef0418e9561a39d836c3889",
                    "icon": {
                        "default": "option3.png"
                    },
                    "id": "appmenuitemid3",
                    "title": "Item 3"
                },
                {
                    "kuid": "b461a973fb9e4230b11d07052e1bbaf4",
                    "icon": {
                        "default": "option4.png"
                    },
                    "id": "appmenuitemid4",
                    "title": "Item 4"
                }
            ]
        },
        "focusskin": null,
        "osVersion": "iOS7",
        "wType": "Appmenu",
        "focusSkin": null,
        "mobile": {
            "data": [
                {
                    "android": {
                        "showAsFlag": 0
                    },
                    "kuid": "332ce83c9b6547cb94c976226fd515df",
                    "icon": {
                        "default": "option1.png"
                    },
                    "id": "appmenuitemid1",
                    "title": "Item 1"
                },
                {
                    "android": {
                        "showAsFlag": 0
                    },
                    "kuid": "a8201068a61949999b3d290d3393f3e6",
                    "icon": {
                        "default": "option2.png"
                    },
                    "id": "appmenuitemid2",
                    "title": "Item 2"
                },
                {
                    "android": {
                        "showAsFlag": 0
                    },
                    "kuid": "3e995f3955f74d5c8aa9a2125fa2df4b",
                    "icon": {
                        "default": "option3.png"
                    },
                    "id": "appmenuitemid3",
                    "title": "Item 3"
                },
                {
                    "android": {
                        "showAsFlag": 0
                    },
                    "kuid": "6ed684d62cd340aa966b865e436f44ce",
                    "icon": {
                        "default": "option4.png"
                    },
                    "id": "appmenuitemid4",
                    "title": "Item 4"
                }
            ]
        },
        "skin": null,
        "osPlatform": ""
    },
    "wap_spaipad_fontsize": "12",
    "mwportkey": "",
    "mwhttpsportkey": "",
    "wap_bb440_fontsize": "12",
    "wap_bb400_fontsize": "12",
    "appidkey": "TicketStatusCSE",
    "statusBarHidden": "false",
    "wap_bb360_fontsize": "12",
    "export.type": "studioviz",
    "isNewAppWithRespectToAndroidPackageName": "",
    "wap_spawindowstab_fontsize": "12",
    "defaulttheme": "defaultTheme",
    "watchos_shortlooknotificationicon_38": "",
    "appaddrkey": "",
    "appnamekey": "CSE Live",
    "currentgaversion": "7.3.0.3",
    "wap_bb320_fontsize": "12",
    "enableCordova": false,
    "enableIdForAutomation": false,
    "wap_bb240_fontsize": "12",
    "desktopwebbasefontsize": "12",
    "mfappguid": {
        "80ef7956-ba53-456a-b40a-05880b14c47b": "43583de3-ec89-43ec-b973-9fbc63156d43",
        "36527109-09d0-4bd2-bb06-1026385a041e": "603b91eb-5dda-4d93-8c50-82521718405f"
    },
    "wap_android240_fontsize": "12",
    "wap_spaandroidtabldpi_fontsize": "12",
    "wap_spaandroidtabmdpi_fontsize": "12",
    "konyVizVersion": "7.3.0.3",
    "isDpScaleFactor": true,
    "wap_spaandroidtab_fontsize": "12",
    "referenceWidth": "375",
    "winmobileguidkey": "",
    "APPLICATION_THEME": "default",
    "ide_appEvents": {
        "mobile": {
            "preappinit": "AS_AppEvents_c4b65b216ab1466584bfad7936dfdec2"
        }
    },
    "build": "debug",
    "project_version": "sprint27",
    "wap_ip_fontsize": "12",
    "category": "app",
    "createdVizVersion": "7.1.1"
}