{
    "splashScreen": {
        "mobile": {
            "iphone": {
                "splashImage": "s_default.png",
                "showLoadingIndicator": true,
                "videoInterruptible": false
            },
            "android": {
                "splashImage": "s_default.png",
                "showLoadingIndicator": true
            },
            "winphone8": {
                "showLoadingIndicator": true
            },
            "spa": {},
            "spaip": {},
            "spaan": {},
            "spabb": {},
            "spawinphone8": {},
            "showLoadingIndicator": true,
            "splashImage": "s_default.png",
            "winphone10": {}
        },
        "tablet": {
            "ipad": {
                "landscape": {
                    "splashImage": "konylogo1.png"
                },
                "splashImage": "konylogo1.png"
            },
            "android": {},
            "windows8": {},
            "spa": {},
            "spaipad": {},
            "spaandroidtablet": {},
            "spawindowstablet": {},
            "windows10": {}
        },
        "desktop": {
            "desktopweb": {},
            "kiosk": {}
        }
    }
}