{
  "android": {
    "background_color": {
      "angle": 0,
      "colors": [
        "57badeff",
        "142a36ff",
        "0089baff"
      ],
      "cs": [
        0,
        48,
        97
      ],
      "gradientType": "toTop",
      "gt": "linear"
    },
    "background_style": "linear",
    "bg_type": "ms_gradient",
    "border_color": "ffffffff",
    "border_style": "cr",
    "border_type": 0,
    "border_width": 1,
    "font_size": 100,
    "isForked": true,
    "text_shadow": {
      "br": 0,
      "color": "000000ff",
      "x": 0,
      "y": -1
    }
  },
  "background_color": "56a9ddff",
  "bg_type": "one",
  "border_color": "ffffffff",
  "border_style": "plain",
  "border_type": 0,
  "border_width": 0,
  "desktopweb": {
    "background_color": {
      "angle": 0,
      "colors": [
        "57badeff",
        "142a36ff",
        "0089baff"
      ],
      "cs": [
        0,
        48,
        97
      ],
      "gradientType": "toTop",
      "gt": "linear"
    },
    "background_style": "linear",
    "bg_type": "ms_gradient",
    "bottom_left_border_color": "ffffffff",
    "bottom_left_border_style": "plain",
    "bottom_left_border_width": 0,
    "bottom_right_border_color": "ffffffff",
    "bottom_right_border_style": "plain",
    "bottom_right_border_width": 0,
    "font_size": 100,
    "isForked": true,
    "shadow": {
      "br": 2,
      "color": "000000ff",
      "inner": false,
      "nm": 0,
      "x": 0,
      "y": 2
    },
    "text_shadow": {
      "br": 0,
      "color": "000000ff",
      "x": 0,
      "y": -1
    },
    "top_left_border_color": "ffffffff",
    "top_left_border_style": "plain",
    "top_left_border_width": 0,
    "top_right_border_color": "ffffffff",
    "top_right_border_style": "plain",
    "top_right_border_width": 0
  },
  "fontSizeInPx": false,
  "font_color": "ffffffff",
  "font_name": "Helvetica",
  "font_size": 148,
  "font_style": "normal",
  "font_weight": "normal",
  "ipad": {
    "background_color": {
      "angle": 0,
      "colors": [
        "57badeff",
        "142a36ff",
        "0089baff"
      ],
      "cs": [
        0,
        48,
        97
      ],
      "gradientType": "toTop",
      "gt": "linear"
    },
    "background_style": "linear",
    "bg_type": "ms_gradient",
    "border_color": "ffffffff",
    "border_style": "cr",
    "border_type": 0,
    "border_width": 1,
    "font_size": 100,
    "isForked": true,
    "text_shadow": {
      "br": 0,
      "color": "000000ff",
      "x": 0,
      "y": -1
    }
  },
  "iphone": {
    "background_color": {
      "angle": 0,
      "colors": [
        "57badeff",
        "142a36ff",
        "0089baff"
      ],
      "cs": [
        0,
        48,
        97
      ],
      "gradientType": "toTop",
      "gt": "linear"
    },
    "background_style": "linear",
    "bg_type": "ms_gradient",
    "border_color": "ffffffff",
    "border_style": "cr",
    "border_type": 0,
    "border_width": 1,
    "font_size": 100,
    "isForked": true,
    "text_shadow": {
      "br": 0,
      "color": "000000ff",
      "x": 0,
      "y": -1
    }
  },
  "isDefaultSkin": false,
  "kiosk": {
    "background_color": {
      "angle": 0,
      "colors": [
        "57badeff",
        "142a36ff",
        "0089baff"
      ],
      "cs": [
        0,
        48,
        97
      ],
      "gradientType": "toTop",
      "gt": "linear"
    },
    "background_style": "linear",
    "bg_type": "ms_gradient",
    "border_color": "ffffffff",
    "border_style": "rc",
    "border_type": 0,
    "border_width": 1,
    "font_size": 100,
    "isForked": true
  },
  "kuid": "s0ee068187ba4f87874f75e12d81076c",
  "spaan": {
    "background_color": {
      "angle": 0,
      "colors": [
        "57badeff",
        "142a36ff",
        "0089baff"
      ],
      "cs": [
        0,
        48,
        97
      ],
      "gradientType": "toTop",
      "gt": "linear"
    },
    "background_style": "linear",
    "bg_type": "ms_gradient",
    "bottom_left_border_color": "ffffffff",
    "bottom_left_border_style": "plain",
    "bottom_left_border_width": 0,
    "bottom_right_border_color": "ffffffff",
    "bottom_right_border_style": "plain",
    "bottom_right_border_width": 0,
    "font_size": 100,
    "isForked": true,
    "shadow": {
      "br": 2,
      "color": "000000ff",
      "inner": false,
      "nm": 0,
      "x": 0,
      "y": 2
    },
    "text_shadow": {
      "br": 0,
      "color": "000000ff",
      "x": 0,
      "y": -1
    },
    "top_left_border_color": "ffffffff",
    "top_left_border_style": "plain",
    "top_left_border_width": 0,
    "top_right_border_color": "ffffffff",
    "top_right_border_style": "plain",
    "top_right_border_width": 0
  },
  "spaandroidtablet": {
    "background_color": {
      "angle": 0,
      "colors": [
        "57badeff",
        "142a36ff",
        "0089baff"
      ],
      "cs": [
        0,
        48,
        97
      ],
      "gradientType": "toTop",
      "gt": "linear"
    },
    "background_style": "linear",
    "bg_type": "ms_gradient",
    "bottom_left_border_color": "ffffffff",
    "bottom_left_border_style": "plain",
    "bottom_left_border_width": 0,
    "bottom_right_border_color": "ffffffff",
    "bottom_right_border_style": "plain",
    "bottom_right_border_width": 0,
    "font_size": 100,
    "isForked": true,
    "shadow": {
      "br": 2,
      "color": "000000ff",
      "inner": false,
      "nm": 0,
      "x": 0,
      "y": 2
    },
    "text_shadow": {
      "br": 0,
      "color": "000000ff",
      "x": 0,
      "y": -1
    },
    "top_left_border_color": "ffffffff",
    "top_left_border_style": "plain",
    "top_left_border_width": 0,
    "top_right_border_color": "ffffffff",
    "top_right_border_style": "plain",
    "top_right_border_width": 0
  },
  "spabb": {
    "background_color": {
      "angle": 0,
      "colors": [
        "57badeff",
        "142a36ff",
        "0089baff"
      ],
      "cs": [
        0,
        48,
        97
      ],
      "gradientType": "toTop",
      "gt": "linear"
    },
    "background_style": "linear",
    "bg_type": "ms_gradient",
    "bottom_left_border_color": "ffffffff",
    "bottom_left_border_style": "plain",
    "bottom_left_border_width": 0,
    "bottom_right_border_color": "ffffffff",
    "bottom_right_border_style": "plain",
    "bottom_right_border_width": 0,
    "font_size": 100,
    "isForked": true,
    "shadow": {
      "br": 2,
      "color": "000000ff",
      "inner": false,
      "nm": 0,
      "x": 0,
      "y": 2
    },
    "text_shadow": {
      "br": 0,
      "color": "000000ff",
      "x": 0,
      "y": -1
    },
    "top_left_border_color": "ffffffff",
    "top_left_border_style": "plain",
    "top_left_border_width": 0,
    "top_right_border_color": "ffffffff",
    "top_right_border_style": "plain",
    "top_right_border_width": 0
  },
  "spaip": {
    "background_color": {
      "angle": 0,
      "colors": [
        "57badeff",
        "142a36ff",
        "0089baff"
      ],
      "cs": [
        0,
        48,
        97
      ],
      "gradientType": "toTop",
      "gt": "linear"
    },
    "background_style": "linear",
    "bg_type": "ms_gradient",
    "bottom_left_border_color": "ffffffff",
    "bottom_left_border_style": "plain",
    "bottom_left_border_width": 0,
    "bottom_right_border_color": "ffffffff",
    "bottom_right_border_style": "plain",
    "bottom_right_border_width": 0,
    "font_size": 100,
    "isForked": true,
    "shadow": {
      "br": 2,
      "color": "000000ff",
      "inner": false,
      "nm": 0,
      "x": 0,
      "y": 2
    },
    "text_shadow": {
      "br": 0,
      "color": "000000ff",
      "x": 0,
      "y": -1
    },
    "top_left_border_color": "ffffffff",
    "top_left_border_style": "plain",
    "top_left_border_width": 0,
    "top_right_border_color": "ffffffff",
    "top_right_border_style": "plain",
    "top_right_border_width": 0
  },
  "spaipad": {
    "background_color": {
      "angle": 0,
      "colors": [
        "57badeff",
        "142a36ff",
        "0089baff"
      ],
      "cs": [
        0,
        48,
        97
      ],
      "gradientType": "toTop",
      "gt": "linear"
    },
    "background_style": "linear",
    "bg_type": "ms_gradient",
    "bottom_left_border_color": "ffffffff",
    "bottom_left_border_style": "plain",
    "bottom_left_border_width": 0,
    "bottom_right_border_color": "ffffffff",
    "bottom_right_border_style": "plain",
    "bottom_right_border_width": 0,
    "font_size": 100,
    "isForked": true,
    "shadow": {
      "br": 2,
      "color": "000000ff",
      "inner": false,
      "nm": 0,
      "x": 0,
      "y": 2
    },
    "text_shadow": {
      "br": 0,
      "color": "000000ff",
      "x": 0,
      "y": -1
    },
    "top_left_border_color": "ffffffff",
    "top_left_border_style": "plain",
    "top_left_border_width": 0,
    "top_right_border_color": "ffffffff",
    "top_right_border_style": "plain",
    "top_right_border_width": 0
  },
  "spawindowstablet": {
    "background_color": {
      "angle": 0,
      "colors": [
        "57badeff",
        "142a36ff",
        "0089baff"
      ],
      "cs": [
        0,
        48,
        97
      ],
      "gradientType": "toTop",
      "gt": "linear"
    },
    "background_style": "linear",
    "bg_type": "ms_gradient",
    "bottom_left_border_color": "ffffffff",
    "bottom_left_border_style": "plain",
    "bottom_left_border_width": 0,
    "bottom_right_border_color": "ffffffff",
    "bottom_right_border_style": "plain",
    "bottom_right_border_width": 0,
    "font_size": 100,
    "isForked": true,
    "shadow": {
      "br": 2,
      "color": "000000ff",
      "inner": false,
      "nm": 0,
      "x": 0,
      "y": 2
    },
    "text_shadow": {
      "br": 0,
      "color": "000000ff",
      "x": 0,
      "y": -1
    },
    "top_left_border_color": "ffffffff",
    "top_left_border_style": "plain",
    "top_left_border_width": 0,
    "top_right_border_color": "ffffffff",
    "top_right_border_style": "plain",
    "top_right_border_width": 0
  },
  "spawinphone8": {
    "background_color": {
      "angle": 0,
      "colors": [
        "57badeff",
        "142a36ff",
        "0089baff"
      ],
      "cs": [
        0,
        48,
        97
      ],
      "gradientType": "toTop",
      "gt": "linear"
    },
    "background_style": "linear",
    "bg_type": "ms_gradient",
    "bottom_left_border_color": "ffffffff",
    "bottom_left_border_style": "plain",
    "bottom_left_border_width": 0,
    "bottom_right_border_color": "ffffffff",
    "bottom_right_border_style": "plain",
    "bottom_right_border_width": 0,
    "font_size": 100,
    "isForked": true,
    "shadow": {
      "br": 2,
      "color": "000000ff",
      "inner": false,
      "nm": 0,
      "x": 0,
      "y": 2
    },
    "text_shadow": {
      "br": 0,
      "color": "000000ff",
      "x": 0,
      "y": -1
    },
    "top_left_border_color": "ffffffff",
    "top_left_border_style": "plain",
    "top_left_border_width": 0,
    "top_right_border_color": "ffffffff",
    "top_right_border_style": "plain",
    "top_right_border_width": 0
  },
  "tabrcandroid": {
    "background_color": {
      "angle": 0,
      "colors": [
        "57badeff",
        "142a36ff",
        "0089baff"
      ],
      "cs": [
        0,
        48,
        97
      ],
      "gradientType": "toTop",
      "gt": "linear"
    },
    "background_style": "linear",
    "bg_type": "ms_gradient",
    "border_color": "ffffffff",
    "border_style": "cr",
    "border_type": 0,
    "border_width": 1,
    "font_size": 100,
    "isForked": true,
    "text_shadow": {
      "br": 0,
      "color": "000000ff",
      "x": 0,
      "y": -1
    }
  },
  "wType": "Button",
  "watchos": {
    "font_size": 100,
    "isForked": true
  },
  "windows8": {
    "background_color": {
      "angle": 0,
      "colors": [
        "57badeff",
        "142a36ff",
        "0089baff"
      ],
      "cs": [
        0,
        48,
        97
      ],
      "gradientType": "toTop",
      "gt": "linear"
    },
    "background_style": "linear",
    "bg_type": "ms_gradient",
    "border_color": "ffffffff",
    "border_style": "rc",
    "border_type": 0,
    "border_width": 1,
    "font_size": 100,
    "isForked": true
  },
  "winphone8": {
    "background_color": {
      "angle": 0,
      "colors": [
        "57badeff",
        "142a36ff",
        "0089baff"
      ],
      "cs": [
        0,
        48,
        97
      ],
      "gradientType": "toTop",
      "gt": "linear"
    },
    "background_style": "linear",
    "bg_type": "ms_gradient",
    "border_color": "ffffffff",
    "border_style": "rc",
    "border_type": 0,
    "border_width": 1,
    "font_size": 100,
    "isForked": true
  }
}