{
    "@class": "com.kony.gen.viz.model.component.KVizButton",
    "DNDConfig": null,
    "__parentReadjusting__": false,
    "_height_": {
        "type": "string",
        "value": "5.38%"
    },
    "_left_": {
        "type": "string",
        "value": "53.97%"
    },
    "_margin_": [
        6,
        6,
        6,
        6
    ],
    "_padding_": [
        0,
        0,
        0,
        0
    ],
    "_skin_": "s0ee068187ba4f87874f75e12d81076c",
    "_text_": "Clear",
    "_top_": {
        "type": "string",
        "value": "64.75%"
    },
    "_width_": {
        "type": "string",
        "value": "44.68%"
    },
    "canUpdateUI": true,
    "containerweight": 100,
    "contentalignment": 5,
    "displaytext": true,
    "focusskin": "s1f2f08c48d74c8494fee1f63658d8a7",
    "id": "btnClear",
    "ide_onClick": "AS_Button_bf68b4c860a44d02ab328f0536c10a37",
    "info": null,
    "isvisible": false,
    "kuid": "d73e0f2a0a1f4855a8869ee3e6ad315b",
    "name": "kony.ui.Button",
    "parent": "flxMoveForNotice",
    "pf": "frmHomePage",
    "wType": "Button",
    "zindex": 1
}