{
    "@class": "com.kony.gen.viz.model.component.KVizButton",
    "DNDConfig": null,
    "__parentReadjusting__": false,
    "_height_": {
        "type": "string",
        "value": "15.11%"
    },
    "_left_": {
        "type": "string",
        "value": "5%"
    },
    "_margin_": [
        6,
        6,
        6,
        6
    ],
    "_padding_": [
        0,
        0,
        0,
        0
    ],
    "_skin_": "s9be901172d0450eb498c2464ef23b00",
    "_text_": "Subscribe",
    "_top_": {
        "type": "string",
        "value": "80%"
    },
    "_width_": {
        "type": "string",
        "value": "94.76%"
    },
    "canUpdateUI": true,
    "containerweight": 100,
    "contentalignment": 5,
    "displaytext": true,
    "focusskin": "sac7410b1869405a8f20c0862e75fcee",
    "id": "btnPush1",
    "ide_onClick": "AS_Button_f50c8ada6f4f4e2d88b79e8cce44d283",
    "info": null,
    "isvisible": true,
    "kuid": "f107a5337cf242f598a6f638da3dfe8d",
    "name": "kony.ui.Button",
    "parent": "flxPush",
    "pf": "frmHomePage",
    "wType": "Button",
    "zindex": 4
}