{
    "@class": "com.kony.gen.viz.model.component.KVizButton",
    "DNDConfig": null,
    "__parentReadjusting__": false,
    "_height_": {
        "type": "string",
        "value": "5.38%"
    },
    "_left_": {
        "type": "string",
        "value": "28.63%"
    },
    "_margin_": [
        6,
        6,
        6,
        6
    ],
    "_padding_": [
        0,
        0,
        0,
        0
    ],
    "_skin_": "s16bb7e6d0704617a007c2c424182387",
    "_text_": "Logout",
    "_top_": {
        "type": "string",
        "value": "85.00%"
    },
    "_width_": {
        "type": "string",
        "value": "46.88%"
    },
    "canUpdateUI": true,
    "containerweight": 100,
    "contentalignment": 5,
    "displaytext": true,
    "focusskin": "s1f2f08c48d74c8494fee1f63658d8a7",
    "id": "Button0b50127a7164e4f",
    "ide_onClick": "AS_Button_adf0c600183b44d7830f97e24c259c88",
    "info": null,
    "isvisible": true,
    "kuid": "ed31d379c21346bc9841b82e86aa1679",
    "name": "kony.ui.Button",
    "parent": "flxMoveForNotice",
    "pf": "frmHomePage",
    "wType": "Button",
    "zindex": 1
}