{
    "DNDConfig": null,
    "__parentReadjusting__": false,
    "_height_": {
        "type": "string",
        "value": "84.85%"
    },
    "_left_": {
        "type": "string",
        "value": "-50%"
    },
    "_margin_": [
        0,
        0,
        0,
        0
    ],
    "_orientation_": 6,
    "_padding_": [
        0,
        0,
        0,
        0
    ],
    "_percent_": true,
    "_skin_": "sa6a5e65c64e4e3f9815dffb13031b0a",
    "_top_": {
        "type": "string",
        "value": "14.95%"
    },
    "_width_": {
        "type": "string",
        "value": "49.95%"
    },
    "allboxes": [],
    "autogrowmode": 0,
    "canUpdateUI": true,
    "children": [
        "imgIn",
        "flxPush",
        "imgUnsubscribe",
        "flxNotePrint",
        "Label0e5b3685253ba46",
        "segPush",
        "btnClear",
        "Button0b50127a7164e4f"
    ],
    "clipbounds": true,
    "containerweight": 100,
    "enablescrolling": true,
    "id": "flxMoveForNotice",
    "info": null,
    "isvisible": true,
    "kuid": "b68469b6d64e46819903448b852be84e",
    "layouttype": 2,
    "name": "kony.ui.FlexContainer",
    "parent": "mainFlex",
    "pf": "frmHomePage",
    "snapgridsize": 10,
    "snaptogrid": true,
    "wType": "FlexContainer",
    "widgetalignment": 1,
    "zindex": 1
}