{
    "DNDConfig": null,
    "__parentReadjusting__": false,
    "_height_": {
        "type": "string",
        "value": "39.15%"
    },
    "_left_": {
        "type": "string",
        "value": "0%"
    },
    "_margin_": [
        0,
        0,
        0,
        0
    ],
    "_orientation_": 6,
    "_padding_": [
        0,
        0,
        0,
        0
    ],
    "_percent_": true,
    "_skin_": "sccca9ea32b4495a839b074708594b86",
    "_top_": {
        "type": "string",
        "value": "7.00%"
    },
    "_width_": {
        "type": "string",
        "value": "100%"
    },
    "allboxes": [],
    "autogrowmode": 0,
    "canUpdateUI": true,
    "children": [
        "Label0d3b9e87508a24c",
        "lblNoteTitle",
        "lblNoteData"
    ],
    "clipbounds": true,
    "containerweight": 100,
    "enablescrolling": true,
    "id": "flxNotePrint",
    "info": null,
    "isvisible": false,
    "kuid": "h2a885eeb4224f3b848a8eb0eb9fa8ed",
    "layouttype": 4,
    "name": "kony.ui.FlexContainer",
    "parent": "flxMoveForNotice",
    "pf": "frmHomePage",
    "snapgridsize": 10,
    "snaptogrid": true,
    "wType": "FlexContainer",
    "widgetalignment": 1,
    "zindex": 1
}