{
    "DNDConfig": null,
    "__parentReadjusting__": false,
    "_height_": {
        "type": "string",
        "value": "48.38%"
    },
    "_left_": {
        "type": "string",
        "value": "1%"
    },
    "_margin_": [
        0,
        0,
        0,
        0
    ],
    "_orientation_": 6,
    "_padding_": [
        0,
        0,
        0,
        0
    ],
    "_percent_": true,
    "_skin_": "sccca9ea32b4495a839b074708594b86",
    "_top_": {
        "type": "string",
        "value": "24.409999999999997%"
    },
    "_width_": {
        "type": "string",
        "value": "97.50%"
    },
    "allboxes": [],
    "autogrowmode": 0,
    "canUpdateUI": true,
    "children": [
        "imgPush",
        "Image0ff75e05a916b45",
        "btnPush1"
    ],
    "clipbounds": true,
    "containerweight": 100,
    "enablescrolling": true,
    "id": "flxPush",
    "info": null,
    "isvisible": true,
    "kuid": "b527697207044e668b2157b1032eb216",
    "layouttype": 2,
    "name": "kony.ui.FlexContainer",
    "parent": "flxMoveForNotice",
    "pf": "frmHomePage",
    "snapgridsize": 10,
    "snaptogrid": true,
    "wType": "FlexContainer",
    "widgetalignment": 1,
    "zindex": 1
}