{
    "@class": "com.kony.gen.viz.model.container.KVizScrollFlexForm",
    "DNDConfig": null,
    "_margin_": [
        0,
        0,
        0,
        0
    ],
    "_orientation_": 1,
    "_padding_": [
        0,
        0,
        0,
        0
    ],
    "_percent_": true,
    "_skin_": "s64ffff1ba524e8f9bf094e24605ad6f",
    "_title_": null,
    "addWidgetsdone": false,
    "allboxes": [],
    "android": {
        "inTransitionConfig": {
            "formAnimation": 5
        },
        "needAppMenu": false,
        "outTransitionConfig": {
            "formAnimation": 4
        },
        "psp": {
            "windowSoftInputMode": 2
        }
    },
    "canUpdateUI": true,
    "children": [
        "mainFlex",
        "Label04e655f60c7854d",
        "timeStampLabel",
        "refreshButton",
        "footerFlex",
        "masterFlexHeader"
    ],
    "containerweight": 100,
    "currentLocale": "default",
    "desktopweb": {
        "needAppMenu": false
    },
    "device": "GalaxyS5",
    "displayorientation": 1,
    "enabledforidletimeout": false,
    "id": "frmHomePage",
    "ide_init": "AS_Form_839b78c5a3cd4ae0b317ef2a585fd171",
    "ide_preShow": "AS_Form_aab47ea43ada4b2f9e49a5bc281d6443",
    "info": null,
    "initdone": false,
    "inputaccessoryviewtype": 4,
    "ipad": {
        "psp": {
            "inputAccessoryViewType": 4
        }
    },
    "iphone": {
        "inTransitionConfig": {
            "transitionDirection": "fromRight",
            "transitionDuration": 0.3,
            "transitionEffect": "transitionCloth"
        },
        "needAppMenu": false,
        "outTransitionConfig": {
            "transitionDirection": "fromRight",
            "transitionDuration": 0.3,
            "transitionEffect": "transitionCloth"
        },
        "psp": {
            "inputAccessoryViewType": 4,
            "titleBarConfig": {
                "buttonClosureLeftSideView": "",
                "buttonClosureRightSideView": "",
                "buttonText": "Edit",
                "leftButtonText": "Back",
                "leftTitle": "Back",
                "prevFormTitle": false,
                "renderTitleText": true,
                "rightTitle": "Edit",
                "titleBarLeftSideView": "button",
                "titleBarRightSideView": "button",
                "titleClosureLeftSideView": "",
                "titleClosureRightSideView": "",
                "visible": false
            }
        },
        "titleBar": false
    },
    "isvisible": true,
    "kuid": "2ce443f12a1946c8825a6b4572378479",
    "layouttype": 2,
    "name": "kony.ui.Form2",
    "needappmenu": true,
    "paddinginpixel": false,
    "platform": "android",
    "prevDevice": "iPhone5",
    "prevPlatform": "iphone",
    "retainscrollposition": false,
    "shellCSS": "and_GalaxyS5",
    "snapgridsize": 10,
    "snaptogrid": true,
    "spa": {
        "inTransitionConfig": {
            "formTransition": "rightCenter"
        },
        "outTransitionConfig": {
            "formTransition": "none"
        }
    },
    "spaan": {
        "needAppMenu": false
    },
    "spabb": {
        "needAppMenu": false
    },
    "spaip": {
        "needAppMenu": false
    },
    "spawinphone8": {
        "needAppMenu": false
    },
    "titleBarSkin": "s01a3c761ed44dcab0d6537d1b55b621",
    "titlebar": false,
    "type": 3,
    "wType": "Form",
    "winphone8": {
        "inTransitionConfig": {
            "inTransition": "none",
            "transitionMode": "none",
            "transitionSpeed": 0
        },
        "needAppMenu": false,
        "outTransitionConfig": {
            "outTransition": "none",
            "transitionMode": "none",
            "transitionSpeed": 0
        }
    }
}