{
    "@class": "com.kony.gen.viz.model.component.KVizButton",
    "DNDConfig": null,
    "__parentReadjusting__": false,
    "_height_": {
        "type": "string",
        "value": "60%"
    },
    "_left_": {
        "type": "string",
        "value": "5%"
    },
    "_margin_": [
        6,
        6,
        6,
        6
    ],
    "_padding_": [
        0,
        0,
        0,
        0
    ],
    "_skin_": "s4fa369a44ff4f6a89f6e5cce5a1f807",
    "_text_": "MADP Status",
    "_top_": {
        "type": "string",
        "value": "25%"
    },
    "_width_": {
        "type": "string",
        "value": "40%"
    },
    "canUpdateUI": true,
    "containerweight": 100,
    "contentalignment": 5,
    "disabledSkins": {
        "focusSkin": "s1f2f08c48d74c8494fee1f63658d8a7"
    },
    "displaytext": true,
    "id": "gotoMADP",
    "ide_onClick": "AS_Button_8279e0c1736f48678e7c908a066b62be",
    "info": null,
    "isvisible": true,
    "kuid": "36809a4f71e24b2d88dc7624f073d1d7",
    "name": "kony.ui.Button",
    "parent": "footerFlex",
    "pf": "frmHomePage",
    "wType": "Button",
    "zindex": 1
}