{
    "@class": "com.kony.gen.viz.model.component.KVizButton",
    "DNDConfig": null,
    "__parentReadjusting__": false,
    "_height_": {
        "type": "string",
        "value": "60%"
    },
    "_margin_": [
        6,
        6,
        6,
        6
    ],
    "_padding_": [
        0,
        0,
        0,
        0
    ],
    "_right_": {
        "type": "string",
        "value": "5%"
    },
    "_skin_": "s4fa369a44ff4f6a89f6e5cce5a1f807",
    "_text_": "MF Status",
    "_top_": {
        "type": "string",
        "value": "25%"
    },
    "_width_": {
        "type": "string",
        "value": "40%"
    },
    "canUpdateUI": true,
    "containerweight": 100,
    "contentalignment": 5,
    "disabledSkins": {
        "focusSkin": "s1f2f08c48d74c8494fee1f63658d8a7"
    },
    "displaytext": true,
    "id": "gotoMF",
    "ide_onClick": "AS_Button_e5d9820e69f94c29bed447ffc7781f2d",
    "info": null,
    "isvisible": true,
    "kuid": "2bd7c78243f947ecad831a6208788908",
    "name": "kony.ui.Button",
    "parent": "footerFlex",
    "pf": "frmHomePage",
    "wType": "Button",
    "zindex": 1
}