{
    "DNDConfig": null,
    "__parentReadjusting__": false,
    "_height_": {
        "type": "string",
        "value": "5%"
    },
    "_left_": {
        "type": "string",
        "value": "0%"
    },
    "_margin_": [
        0,
        0,
        0,
        0
    ],
    "_orientation_": 6,
    "_padding_": [
        0,
        0,
        0,
        0
    ],
    "_percent_": true,
    "_right_": {
        "type": "number",
        "value": "0"
    },
    "_skin_": "s459f226892c471eb2ad6c5b96b1fe1a",
    "_top_": {
        "type": "string",
        "value": "10%"
    },
    "_width_": {
        "type": "string",
        "value": "100%"
    },
    "allboxes": [],
    "autogrowmode": 0,
    "canUpdateUI": true,
    "children": [
        "Label0c4569c0fccae44",
        "CopyLabel053b07b26339247",
        "CopyLabel031c0ec127b0948",
        "CopyLabel0a7d7c0bbd07142"
    ],
    "clipbounds": true,
    "containerweight": 100,
    "enablescrolling": true,
    "id": "headingMFMADP",
    "info": null,
    "isvisible": true,
    "kuid": "d27caa6af79f45229e024df800f22ae9",
    "layouttype": 2,
    "name": "kony.ui.FlexContainer",
    "parent": "mainFlex",
    "pf": "frmHomePage",
    "snapgridsize": 10,
    "snaptogrid": true,
    "wType": "FlexContainer",
    "widgetalignment": 1,
    "zindex": 1
}