{
    "@class": "com.kony.gen.viz.model.component.KVizImage2",
    "DNDConfig": null,
    "__parentReadjusting__": false,
    "_base64_": null,
    "_height_": {
        "type": "string",
        "value": "83.33%"
    },
    "_left_": {
        "type": "string",
        "value": "4.80%"
    },
    "_margin_": [
        0,
        0,
        0,
        0
    ],
    "_padding_": [
        0,
        0,
        0,
        0
    ],
    "_skin_": "s67f8911f42d4b8797ef2111e10317a1",
    "_src_": "subscribe_for_updates.png",
    "_top_": {
        "type": "string",
        "value": "8.33%"
    },
    "_width_": {
        "type": "string",
        "value": "95%"
    },
    "canUpdateUI": true,
    "containerweight": 100,
    "context": {
        "channel": "mobile",
        "formID": "frmHomePage",
        "platform": "android",
        "templateType": "forms",
        "topLevelBox": null
    },
    "id": "Image0ff75e05a916b45",
    "imagescalemode": 1,
    "info": null,
    "invokedProperty": "src",
    "isvisible": true,
    "kuid": "gf3f72f867a94f70a88fa35a18b49c61",
    "name": "kony.ui.Image2",
    "parent": "flxPush",
    "pf": "frmHomePage",
    "srcType": 1,
    "wType": "Image",
    "widgetalignment": 5,
    "zindex": 1
}