{
    "@class": "com.kony.gen.viz.model.component.KVizImage2",
    "DNDConfig": null,
    "__markedForDelete__": true,
    "__parentReadjusting__": false,
    "_base64_": null,
    "_height_": {
        "type": "string",
        "value": "5.29%"
    },
    "_margin_": [
        0,
        0,
        0,
        0
    ],
    "_padding_": [
        0,
        0,
        0,
        0
    ],
    "_right_": {
        "type": "string",
        "value": "1%"
    },
    "_skin_": "s67f8911f42d4b8797ef2111e10317a1",
    "_src_": "button_cancel.png",
    "_top_": {
        "type": "string",
        "value": "1%"
    },
    "_width_": {
        "type": "string",
        "value": "14.95%"
    },
    "canUpdateUI": true,
    "containerweight": 100,
    "context": {
        "channel": "mobile",
        "formID": "frmHomePage",
        "platform": "android",
        "templateType": "forms",
        "topLevelBox": null
    },
    "id": "imgIn",
    "ide_onTouchStart": "AS_Image_c9e76e3bb39340b5b1c6548d33cfc0a4",
    "imagescalemode": 1,
    "info": null,
    "invokedProperty": "src",
    "isvisible": true,
    "kuid": "cbe8e2f5be394ce091a727576da60704",
    "name": "kony.ui.Image2",
    "parent": "flxMoveForNotice",
    "pf": "frmHomePage",
    "srcType": 1,
    "wType": "Image",
    "widgetalignment": 5,
    "zindex": 1
}