{
    "@class": "com.kony.gen.viz.model.component.KVizImage2",
    "DNDConfig": null,
    "__markedForDelete__": true,
    "__parentReadjusting__": false,
    "_base64_": null,
    "_height_": {
        "type": "string",
        "value": "3.97%"
    },
    "_margin_": [
        0,
        0,
        0,
        0
    ],
    "_padding_": [
        0,
        0,
        0,
        0
    ],
    "_right_": {
        "type": "string",
        "value": "91.08%"
    },
    "_skin_": "s67f8911f42d4b8797ef2111e10317a1",
    "_src_": "ham.png",
    "_top_": {
        "type": "string",
        "value": "15.920000000000002%"
    },
    "_width_": {
        "type": "string",
        "value": "8.48%"
    },
    "canUpdateUI": true,
    "containerweight": 100,
    "context": {
        "channel": "mobile",
        "formID": "frmHomePage",
        "platform": "android",
        "templateType": "forms",
        "topLevelBox": null
    },
    "id": "imgOut",
    "ide_onTouchStart": "AS_Image_b7a3f142d52f44a6bd3cf8327ceb9a60",
    "imagescalemode": 1,
    "info": null,
    "invokedProperty": "src",
    "isvisible": true,
    "kuid": "d1d098db5bc34cba9fdf6980d2d14eb5",
    "name": "kony.ui.Image2",
    "parent": "mainFlex",
    "pf": "frmHomePage",
    "srcType": 1,
    "wType": "Image",
    "widgetalignment": 5,
    "zindex": 1
}