{
    "@class": "com.kony.gen.viz.model.component.KVizImage2",
    "DNDConfig": null,
    "__markedForDelete__": true,
    "__parentReadjusting__": false,
    "_base64_": null,
    "_height_": {
        "type": "string",
        "value": "47.92%"
    },
    "_left_": {
        "type": "string",
        "value": "4.65%"
    },
    "_margin_": [
        0,
        0,
        0,
        0
    ],
    "_padding_": [
        0,
        0,
        0,
        0
    ],
    "_skin_": "s67f8911f42d4b8797ef2111e10317a1",
    "_src_": "sub_img.png",
    "_top_": {
        "type": "string",
        "value": "60.42%"
    },
    "_width_": {
        "type": "string",
        "value": "95.00%"
    },
    "canUpdateUI": true,
    "containerweight": 100,
    "context": {
        "channel": "mobile",
        "formID": "frmHomePage",
        "platform": "android",
        "templateType": "forms",
        "topLevelBox": null
    },
    "id": "imgPush",
    "ide_onTouchStart": "AS_Image_be4661b6478c4a54a8822b3d9359eb13",
    "imagescalemode": 1,
    "info": null,
    "invokedProperty": "src",
    "isvisible": false,
    "kuid": "f7f91d86b1444c308e62b92c4df19ad5",
    "name": "kony.ui.Image2",
    "parent": "flxPush",
    "pf": "frmHomePage",
    "srcType": 1,
    "wType": "Image",
    "widgetalignment": 5,
    "zindex": 1
}