{
    "DNDConfig": null,
    "__parentReadjusting__": false,
    "_height_": {
        "type": "string",
        "value": "100%"
    },
    "_left_": {
        "type": "string",
        "value": "0%"
    },
    "_margin_": [
        0,
        0,
        0,
        0
    ],
    "_orientation_": 6,
    "_padding_": [
        0,
        0,
        0,
        0
    ],
    "_percent_": true,
    "_skin_": "s08f7dcadf5f4cf99c98a19df5c8bdc3",
    "_top_": {
        "type": "string",
        "value": "0%"
    },
    "_width_": {
        "type": "string",
        "value": "100%"
    },
    "allboxes": [],
    "autogrowmode": 0,
    "canUpdateUI": true,
    "children": [
        "openLabel",
        "pendingLabel",
        "pendingCount",
        "openCount",
        "unAsssignedLabel",
        "No1stLabel",
        "escalatedLabel",
        "hotlistedLabel",
        "othersLabel",
        "unAssignedCount",
        "no1stCount",
        "escalatedCount",
        "hotlistedCount",
        "othersCount",
        "callbacksla",
        "openMFMADP",
        "pendingMFMADP",
        "no1stMFMADP",
        "headingMFMADP",
        "escalatedMFMADP",
        "hotlistedMFMADP",
        "othersMFMADP",
        "flxMoveForNotice",
        "imgOut"
    ],
    "clipbounds": true,
    "containerweight": 100,
    "enablescrolling": true,
    "id": "mainFlex",
    "info": null,
    "isvisible": true,
    "kuid": "32279b9540934cde970de3c0d30b59ed",
    "layouttype": 2,
    "name": "kony.ui.FlexContainer",
    "parent": "frmHomePage",
    "pf": "frmHomePage",
    "snapgridsize": 10,
    "snaptogrid": true,
    "wType": "FlexContainer",
    "widgetalignment": 1,
    "zindex": 1
}