{
    "@class": "com.kony.gen.viz.model.component.KVizLabel",
    "DNDConfig": null,
    "__parentReadjusting__": false,
    "_height_": {
        "type": "string",
        "value": "6%"
    },
    "_left_": {
        "type": "string",
        "value": "1.00%"
    },
    "_margin_": [
        1,
        1,
        1,
        1
    ],
    "_padding_": [
        1,
        0,
        0,
        0
    ],
    "_skin_": "seb7002c4b3d449988605f9bf6297e52",
    "_text_": "Others",
    "_top_": {
        "type": "string",
        "value": "59.98%"
    },
    "_width_": {
        "type": "string",
        "value": "25%"
    },
    "_wrapping_": 2,
    "android": {
        "textStyle": {
            "letterSpacing": 0,
            "strikeThrough": false
        }
    },
    "canUpdateUI": true,
    "containerweight": 100,
    "contentalignment": 4,
    "id": "othersLabel",
    "info": null,
    "ipad": {
        "psp": {
            "wrapping": 2
        }
    },
    "iphone": {
        "psp": {
            "wrapping": 2
        }
    },
    "isvisible": true,
    "kuid": "ce64d1851d22457998990e29850f2a9c",
    "name": "kony.ui.Label",
    "paddinginpixel": false,
    "parent": "mainFlex",
    "pf": "frmHomePage",
    "tooltip": "",
    "wType": "Label",
    "zindex": 1
}