{
    "@class": "com.kony.gen.viz.model.component.KVizImage2",
    "DNDConfig": null,
    "__parentReadjusting__": false,
    "_base64_": null,
    "_height_": {
        "type": "string",
        "value": "33dp"
    },
    "_left_": {
        "type": "string",
        "value": "1%"
    },
    "_margin_": [
        0,
        0,
        0,
        0
    ],
    "_padding_": [
        0,
        0,
        0,
        0
    ],
    "_skin_": "s67f8911f42d4b8797ef2111e10317a1",
    "_src_": "refreshbutton.png",
    "_top_": {
        "type": "string",
        "value": "82%"
    },
    "_width_": {
        "type": "string",
        "value": "37dp"
    },
    "canUpdateUI": true,
    "containerweight": 100,
    "context": {
        "channel": "mobile",
        "formID": "frmHomePage",
        "platform": "android",
        "templateType": "forms",
        "topLevelBox": null
    },
    "id": "refreshButton",
    "imagescalemode": 1,
    "info": null,
    "invokedProperty": "src",
    "isvisible": true,
    "kuid": "d02263302337457fb101ddd69580cb72",
    "name": "kony.ui.Image2",
    "parent": "frmHomePage",
    "pf": "frmHomePage",
    "srcType": 1,
    "wType": "Image",
    "widgetalignment": 5,
    "zindex": 1
}