{
    "@class": "com.kony.gen.viz.model.container.KVizSegment2",
    "DNDConfig": null,
    "__markedForDelete__": true,
    "__parentReadjusting__": false,
    "_data_": [
        {
            "lblSegContent": {
                "@class": "com.viz.ide.model.segment.SimpleTextSegmentData",
                "text": ""
            },
            "lblSegHeadContent": {
                "@class": "com.viz.ide.model.segment.SimpleTextSegmentData",
                "text": ""
            },
            "lblSegHeadTitle": {
                "@class": "com.viz.ide.model.segment.SimpleTextSegmentData",
                "text": ""
            },
            "lblSegTitle": {
                "@class": "com.viz.ide.model.segment.SimpleTextSegmentData",
                "text": ""
            }
        }
    ],
    "_height_": {
        "type": "string",
        "value": "47.62%"
    },
    "_indicator_": "none",
    "_left_": "1.07%",
    "_margin_": [
        0,
        0,
        0,
        0
    ],
    "_orientation_": 2,
    "_padding_": [
        0,
        0,
        0,
        0
    ],
    "_top_": {
        "type": "string",
        "value": "16%"
    },
    "_width_": {
        "type": "string",
        "value": "98.75%"
    },
    "autogrowmode": 0,
    "canUpdateUI": true,
    "containerweight": 100,
    "counter": "00",
    "focusedindex": null,
    "focuseditem": null,
    "groupcells": false,
    "hasSections": false,
    "id": "segPush",
    "info": null,
    "ipad": {
        "psp": {
            "indicator": "rowselect"
        }
    },
    "iphone": {
        "psp": {
            "indicator": "rowselect"
        }
    },
    "isvisible": true,
    "kuid": "c56b94305c8c4361ae374eef20b603e7",
    "masterdata": {},
    "name": "kony.ui.SegmentedUI2",
    "needpageindicator": true,
    "pageoffdotimage": "pageoffdot.png",
    "pageondotimage": "pageondot.png",
    "paginationconfig": {
        "position": "bottom"
    },
    "parent": "flxMoveForNotice",
    "pf": "frmHomePage",
    "retainselection": false,
    "rowTemplateId": "e5004786849542879dec550d03b8a2be",
    "rowcounter": 0,
    "rowfocusskin": "sa9d728b15844196a6c5f1c486ba86f5",
    "rowskin": "s7823fc863af444d8d3e09f56703b1ee",
    "rowtemplate": "FlexContainer0a9c3bdd1281841",
    "screenlevelwidget": false,
    "seccounter": 0,
    "sectionheaderskin": "s56ba67a011441b0a2102be968f67e0c",
    "selectedRows": null,
    "selectedState": false,
    "selectedindex": null,
    "selectedindices": null,
    "selecteditems": null,
    "selectedsectionindex": 0,
    "selectionbehavior": "default",
    "separatorcolor": "64646400",
    "separatorrequired": true,
    "separatorthickness": 1,
    "showscrollbars": false,
    "viewtype": "tableview",
    "wType": "Segment",
    "widgetalignment": 5,
    "widgetdatamap": {
        "FlexContainer0a9c3bdd1281841": "FlexContainer0a9c3bdd1281841",
        "lblSegContent": "lblSegContent",
        "lblSegHeadContent": "lblSegHeadContent",
        "lblSegHeadTitle": "lblSegHeadTitle",
        "lblSegTitle": "lblSegTitle"
    },
    "zindex": 1
}